,login,full_name,created_at,stargazers_count,watchers_count,language,has_projects,has_wiki,license_name
0,tiangolo,tiangolo/dockerswarm.rocks,2019-01-17T13:17:52Z,1094,1094,Python,True,True,
1,tiangolo,tiangolo/label-approved,2020-10-11T05:36:41Z,34,34,Python,True,True,mit
2,tiangolo,tiangolo/latest-changes,2020-10-03T07:23:10Z,174,174,Python,True,True,mit
3,tiangolo,tiangolo/issue-manager,2019-10-20T16:46:29Z,62,62,Python,True,True,mit
4,tiangolo,tiangolo/github-actions-sandbox,2020-10-04T07:39:08Z,16,16,Python,True,True,wtfpl
5,tiangolo,tiangolo/docker-auto-labels,2018-05-01T15:13:31Z,15,15,Python,True,True,mit
6,tiangolo,tiangolo/bump-pydantic,2024-04-18T05:49:21Z,9,9,,True,False,mit
7,tiangolo,tiangolo/a2wsgi,2024-01-07T20:24:07Z,10,10,,True,True,apache-2.0
8,tiangolo,tiangolo/griffe-typingdoc,2023-09-10T20:40:26Z,2,2,,True,True,isc
9,tiangolo,tiangolo/annotated-types,2023-08-27T14:32:00Z,8,8,,True,False,mit
10,tiangolo,tiangolo/docker-with-compose,2018-01-31T12:45:39Z,157,157,Shell,True,True,mit
11,tiangolo,tiangolo/asgiref,2023-03-06T11:29:47Z,0,0,,True,False,bsd-3-clause
12,tiangolo,tiangolo/full-stack-flask-couchbase,2018-10-22T13:31:32Z,59,59,Python,True,True,mit
13,tiangolo,tiangolo/full-stack-flask-couchdb,2018-09-28T11:02:01Z,31,31,Python,True,True,mit
14,tiangolo,tiangolo/full-stack,2018-02-28T13:34:09Z,523,523,Python,True,True,mit
15,tiangolo,tiangolo/flask-frontend-docker,2018-12-29T16:04:06Z,130,130,Vue,True,True,mit
16,tiangolo,tiangolo/full-stack-fastapi-couchbase,2018-12-11T07:53:25Z,441,441,Python,True,True,mit
17,tiangolo,tiangolo/docker-registry-proxy,2019-08-03T21:45:30Z,41,41,Shell,True,True,apache-2.0
18,tiangolo,tiangolo/anyio,2021-10-27T09:36:07Z,4,4,,True,True,mit
19,tiangolo,tiangolo/blog-posts,2018-06-24T13:32:36Z,273,273,Python,True,True,
20,tiangolo,tiangolo/haystack,2022-01-19T00:20:50Z,15,15,Python,True,True,apache-2.0
21,tiangolo,tiangolo/babun-docker,2015-09-24T18:21:01Z,170,170,Shell,True,True,mit
22,tiangolo,tiangolo/ansible-babun-bootstrap,2015-07-14T11:17:13Z,61,61,Shell,True,True,
23,tiangolo,tiangolo/compose-to-rancher,2016-08-23T19:12:20Z,10,10,Python,True,True,mit
24,tiangolo,tiangolo/click,2020-03-15T06:20:49Z,3,3,,True,False,bsd-3-clause
25,tiangolo,tiangolo/alembic,2020-05-22T09:50:31Z,5,5,,True,True,mit
26,tiangolo,tiangolo/fullstackpython.com,2018-12-22T15:33:43Z,4,4,HTML,True,True,mit
27,tiangolo,tiangolo/angular-docker-multi-stage-example,2017-10-02T18:43:28Z,15,15,,True,True,
28,tiangolo,tiangolo/anaconda_cluster_install,2015-03-11T14:58:44Z,5,5,Shell,True,True,
29,tiangolo,tiangolo/bitbucket_issues_to_redmine_csv,2015-02-03T21:15:17Z,3,3,Python,True,True,
30,schacon,schacon/blink,2014-06-12T21:04:52Z,96,96,Arduino,True,True,
31,schacon,schacon/dad_joke,2024-02-08T11:43:27Z,2,2,,True,True,
32,schacon,schacon/cowsay,2010-03-10T22:15:20Z,241,241,Shell,True,True,other
33,schacon,schacon/aoc,2023-12-04T08:36:32Z,3,3,Ruby,True,True,
34,schacon,schacon/chatterblog1,2017-09-09T01:05:33Z,2,2,CSS,True,True,mit
35,schacon,schacon/calcdown,2014-12-07T17:35:10Z,11,11,CoffeeScript,True,True,mit
36,schacon,schacon/asciidoc_samples,2014-09-24T08:57:50Z,1,1,,True,True,
37,schacon,schacon/3D-Me,2014-04-10T21:40:18Z,1,1,,True,True,
38,schacon,schacon/binary-code,2014-03-31T01:35:46Z,2,2,Python,True,True,
39,schacon,schacon/atlas-api,2014-10-17T15:58:38Z,1,1,,True,True,mit
40,schacon,schacon/directus,2021-09-20T14:59:50Z,2,2,,True,True,gpl-3.0
41,schacon,schacon/choosealicense.com,2013-10-23T18:50:07Z,3,3,CSS,True,False,mit
42,schacon,schacon/blah,2011-09-29T17:08:28Z,2,2,Ruby,True,True,
43,schacon,schacon/clippy,2011-09-13T19:54:39Z,5,5,HaXe,True,True,mit
44,schacon,schacon/bup,2011-05-04T16:41:55Z,2,2,Python,True,False,other
45,schacon,schacon/collabgit,2011-02-08T23:26:11Z,7,7,JavaScript,True,True,
46,schacon,schacon/article,2011-02-22T19:53:35Z,4,4,C,True,True,other
47,schacon,schacon/ddd,2011-01-14T15:58:31Z,21,21,JavaScript,True,True,
48,schacon,schacon/campyre,2010-11-03T17:44:18Z,3,3,Java,True,True,bsd-3-clause
49,schacon,schacon/arel,2009-12-30T23:54:51Z,5,5,Ruby,True,True,
50,schacon,schacon/amp,2009-11-24T08:04:38Z,4,4,Ruby,True,True,other
51,schacon,schacon/bundler,2009-12-08T20:00:43Z,6,6,Ruby,True,True,mit
52,schacon,schacon/aeon,2009-09-30T18:44:58Z,4,4,Python,True,True,
53,schacon,schacon/cucumber,2009-09-28T02:47:46Z,5,5,Ruby,True,True,mit
54,schacon,schacon/agitmemnon,2009-07-30T21:28:26Z,9,9,JavaScript,True,True,mit
55,schacon,schacon/agitmemnon-server,2009-08-07T20:10:58Z,15,15,Python,True,True,gpl-2.0
56,schacon,schacon/cocoagit,2009-01-03T23:05:29Z,15,15,C,True,True,mit
57,schacon,schacon/asgit,2008-05-28T05:12:33Z,41,41,ActionScript,True,True,
58,schacon,schacon/chronic,2009-02-28T18:02:30Z,5,5,Ruby,True,True,
59,schacon,schacon/benchwarmer,2009-03-15T23:59:48Z,4,4,Ruby,True,True,mit
60,rwieruch,rwieruch/blog_robinwieruch_content,2016-10-29T11:07:45Z,318,318,JavaScript,True,True,
61,rwieruch,rwieruch/examples,2024-07-16T08:31:38Z,9,9,TypeScript,True,True,
62,rwieruch,rwieruch/awesome-react-components,2022-07-16T18:14:52Z,10,10,,True,True,cc0-1.0
63,rwieruch,rwieruch/awesome-deno,2021-05-13T17:07:41Z,0,0,,True,False,cc0-1.0
64,rwieruch,rwieruch/awesome-styled-components,2021-04-22T08:10:38Z,1,1,,True,False,
65,rwieruch,rwieruch/blog_iamliesa_content,2018-09-27T07:31:02Z,3,3,JavaScript,True,True,
66,rwieruch,rwieruch/advanced-react-webpack-babel-setup,2019-06-25T12:19:24Z,191,191,JavaScript,True,True,
67,rwieruch,rwieruch/deno,2020-05-26T12:47:26Z,0,0,,True,False,mit
68,rwieruch,rwieruch/awesome-react-hooks,2019-05-22T14:18:51Z,7,7,,True,True,cc0-1.0
69,rwieruch,rwieruch/ebook,2021-10-25T13:31:26Z,1,1,,True,True,
70,rwieruch,rwieruch/awesome-react-graphql,2019-01-09T07:42:59Z,5,5,,True,True,cc-by-4.0
71,rwieruch,rwieruch/awesome-reasonml,2018-12-07T04:45:36Z,0,0,,True,True,
72,rwieruch,rwieruch/favesound-mobx,2016-08-18T07:36:38Z,524,524,JavaScript,True,True,
73,rwieruch,rwieruch/d3-on-angular-seed,2014-08-23T09:48:40Z,2,2,JavaScript,True,True,
74,rwieruch,rwieruch/D3-On-Angular-Fisheye-Plugin,2014-10-31T15:33:18Z,2,2,JavaScript,True,True,
75,rwieruch,rwieruch/Brushing-Directive,2014-11-10T20:07:24Z,0,0,JavaScript,True,True,
76,rwieruch,rwieruch/angular-rapid,2015-03-15T18:20:50Z,0,0,JavaScript,True,True,mit
77,rwieruch,rwieruch/awesome-reasonreact,2018-12-07T04:47:06Z,0,0,,True,True,
78,rwieruch,rwieruch/blog_iamliesa,2016-09-26T20:11:20Z,0,0,JavaScript,True,True,
79,rwieruch,rwieruch/brain.js,2018-04-14T00:29:43Z,0,0,JavaScript,True,True,mit
80,rwieruch,rwieruch/books,2017-11-05T15:05:20Z,5,5,,True,True,mit
81,rwieruch,rwieruch/awesome-react,2017-06-21T06:49:18Z,4,4,,True,False,
82,rwieruch,rwieruch/concise-javascript,2017-10-22T10:10:55Z,0,0,,True,True,
83,rwieruch,rwieruch/dokku-letsencrypt,2017-08-15T09:07:42Z,0,0,Shell,True,False,mit
84,rwieruch,rwieruch/crowdsourced-volunteering-list,2017-05-13T10:43:09Z,0,0,,True,True,
85,rwieruch,rwieruch/Become-A-Full-Stack-Web-Developer,2017-03-17T03:25:14Z,17,17,,True,True,mit
86,rwieruch,rwieruch/awesome-redux,2016-07-15T21:32:30Z,1,1,,True,True,
87,rwieruch,rwieruch/angular-perfect-scrollbar,2014-11-04T21:54:43Z,0,0,,True,True,
88,rwieruch,rwieruch/D3-Brushing-With-Statistics,2014-08-24T16:53:24Z,4,4,,True,True,
89,rwieruch,rwieruch/Augmented-Reality-App-Backend,2013-06-17T12:55:37Z,1,1,Java,True,True,
90,shuding,shuding/cobe,2021-11-18T18:26:41Z,3230,3230,MDX,False,False,mit
91,shuding,shuding/blog-1,2021-02-26T16:02:42Z,1,1,JavaScript,True,True,
92,shuding,shuding/cmdk,2022-08-09T13:01:57Z,3,3,,True,False,mit
93,shuding,shuding/berlin-apartments,2021-10-09T13:32:44Z,73,73,,False,False,mit
94,shuding,shuding/apple-pencil-safari-api-test,2016-04-13T18:30:17Z,454,454,JavaScript,True,True,
95,shuding,shuding/charch,2014-01-04T20:30:47Z,56,56,JavaScript,True,True,mit
96,shuding,shuding/cc,2021-04-11T15:53:02Z,71,71,JavaScript,True,False,
97,shuding,shuding/coverflow,2014-08-01T21:17:36Z,36,36,HTML,True,True,
98,shuding,shuding/blog-template,2019-09-18T11:00:09Z,29,29,JavaScript,True,True,
99,shuding,shuding/css-computer,2015-07-15T07:59:53Z,34,34,HTML,True,True,
100,shuding,shuding/100-days-ui,2015-12-09T16:15:24Z,38,38,JavaScript,True,True,mit
101,shuding,shuding/blog,2018-09-21T07:45:12Z,9,9,JavaScript,True,True,
102,shuding,shuding/coursebook-server,2018-09-16T11:37:26Z,0,0,JavaScript,True,True,
103,shuding,shuding/chinese-information-processing,2015-09-19T07:18:02Z,0,0,HTML,True,True,
104,shuding,shuding/.vim,2013-08-17T04:06:20Z,2,2,C++,True,True,
105,shuding,shuding/core-notes,2016-06-06T16:05:59Z,0,0,,True,False,
106,shuding,shuding/awesome-frontend-charts,2016-02-22T12:01:03Z,3,3,,True,True,mit
107,shuding,shuding/awesome-cn-cafe,2015-11-06T14:58:10Z,0,0,,True,True,
108,shuding,shuding/algorithms.js,2014-05-31T18:26:29Z,0,0,JavaScript,True,True,mit
109,shuding,shuding/colorwheel,2015-10-05T05:09:51Z,0,0,JavaScript,True,True,
110,shuding,shuding/class-sheet,2015-09-29T19:27:51Z,1,1,JavaScript,True,True,mit
111,shuding,shuding/angel,2015-08-27T11:36:31Z,2,2,JavaScript,True,True,mit
112,shuding,shuding/ABS-frontend,2015-04-29T15:10:55Z,6,6,JavaScript,True,True,mit
113,shuding,shuding/coursejs,2015-03-16T15:42:53Z,15,15,JavaScript,True,True,mit
114,shuding,shuding/13cs,2014-11-04T03:47:46Z,4,4,CSS,True,True,
115,shuding,shuding/algorithm-contests,2013-06-06T09:02:51Z,4,4,C++,True,True,
116,shuding,shuding/animator,2014-05-16T08:13:52Z,13,13,JavaScript,True,False,
117,shuding,shuding/codeforces,2013-04-20T16:21:02Z,0,0,C++,True,True,
118,shuding,shuding/-2048,2014-03-17T10:45:26Z,4,4,JavaScript,True,True,mit
119,shuding,shuding/baidu-tieba-watcher,2013-03-29T11:11:14Z,1,1,Objective-C,True,True,
120,android10,android10/Android-CleanArchitecture-Kotlin,2017-05-26T12:55:52Z,4684,4684,Kotlin,True,True,
121,android10,android10/awesome-chatgpt-prompts,2024-01-24T08:40:15Z,2,2,,True,False,cc0-1.0
122,android10,android10/doty,2023-04-15T18:36:15Z,0,0,Rust,True,True,apache-2.0
123,android10,android10/Android-CleanArchitecture,2014-08-19T14:09:26Z,15520,15520,Java,True,True,apache-2.0
124,android10,android10/blackman,2022-12-24T14:44:25Z,0,0,,True,True,other
125,android10,android10/docker-labber,2022-09-23T10:02:17Z,0,0,Rust,True,True,apache-2.0
126,android10,android10/archive,2022-01-07T17:43:13Z,0,0,,True,False,
127,android10,android10/android10,2020-10-20T18:08:17Z,5,5,,True,True,
128,android10,android10/android-trinity,2020-11-26T23:19:55Z,54,54,Kotlin,True,True,apache-2.0
129,android10,android10/engineering-leadership,2021-02-22T14:02:38Z,40,40,,True,True,apache-2.0
130,android10,android10/doggy,2019-10-25T12:43:13Z,4,4,Rust,True,True,apache-2.0
131,android10,android10/Android-FeatureFlags,2020-03-24T14:27:41Z,13,13,Kotlin,True,True,apache-2.0
132,android10,android10/arch-linux-utils,2019-10-22T10:02:43Z,5,5,Shell,True,True,apache-2.0
133,android10,android10/awesome-sre,2020-03-23T19:53:02Z,1,1,,True,False,cc0-1.0
134,android10,android10/build-your-own-x,2019-10-21T13:27:59Z,1,1,,True,False,
135,android10,android10/Anni,2019-09-07T15:35:07Z,0,0,Shell,True,True,apache-2.0
136,android10,android10/engineering-management,2019-09-03T14:17:21Z,14,14,Shell,True,True,mit
137,android10,android10/Docker-Examples,2018-09-26T15:06:54Z,4,4,Dockerfile,True,True,
138,android10,android10/Cognitive-Samples,2018-01-16T11:20:29Z,23,23,Kotlin,True,True,apache-2.0
139,android10,android10/Android-KotlinInTests,2017-01-06T23:10:03Z,89,89,Java,True,True,
140,android10,android10/arrow,2015-12-07T23:30:29Z,439,439,Java,True,True,apache-2.0
141,android10,android10/Android-AOPExample,2014-07-21T15:47:54Z,422,422,Java,True,True,apache-2.0
142,android10,android10/Android-ReactiveProgramming,2014-12-18T21:14:49Z,224,224,Java,True,True,apache-2.0
143,android10,android10/arch-linux-dell,2018-05-29T22:48:42Z,1,1,,True,True,
144,android10,android10/best-practices,2018-07-23T07:42:26Z,4,4,,True,True,
145,android10,android10/aragorn,2015-09-15T19:33:44Z,1,1,Java,True,True,
146,android10,android10/engineering-blogs,2015-06-21T12:00:33Z,11,11,Ruby,True,True,
147,android10,android10/Android-AnnotationsSample,2014-09-10T12:42:32Z,11,11,Java,True,True,apache-2.0
148,android10,android10/DynamicProxy_Java_Sample,2014-07-23T21:58:56Z,34,34,Java,True,True,apache-2.0
149,android10,android10/AndroidApplicationTestingSample,2013-03-13T17:43:11Z,6,6,Java,True,True,
150,marijnh,marijnh/blog,2012-09-06T10:45:26Z,11,11,CSS,True,True,
151,marijnh,marijnh/find-cluster-break,2024-10-06T18:18:41Z,5,5,JavaScript,False,False,mit
152,marijnh,marijnh/Eloquent-JavaScript,2013-09-30T13:40:20Z,3026,3026,JavaScript,True,False,
153,marijnh,marijnh/modeling-app,2024-07-03T12:05:56Z,2,2,,True,False,mit
154,marijnh,marijnh/esmoduleserve,2020-02-28T14:43:02Z,38,38,JavaScript,True,True,mit
155,marijnh,marijnh/buildtool,2022-05-17T11:53:58Z,9,9,TypeScript,False,False,mit
156,marijnh,marijnh/builddocs,2016-09-01T07:15:19Z,20,20,JavaScript,True,True,mit
157,marijnh,marijnh/getdocs-ts,2021-01-08T15:06:05Z,19,19,TypeScript,True,False,other
158,marijnh,marijnh/acorn-types,2023-09-13T14:00:27Z,0,0,,True,True,
159,marijnh,marijnh/crelt,2020-03-12T14:09:25Z,25,25,JavaScript,True,True,mit
160,marijnh,marijnh/moduleserve,2016-01-21T14:05:16Z,68,68,JavaScript,True,True,mit
161,marijnh,marijnh/ist,2016-09-06T10:25:57Z,15,15,JavaScript,True,True,mit
162,marijnh,marijnh/getdocs,2015-12-09T16:10:28Z,145,145,JavaScript,True,True,mit
163,marijnh,marijnh/heckle,2012-09-04T19:14:13Z,345,345,JavaScript,True,True,other
164,marijnh,marijnh/blint,2015-01-14T11:26:17Z,15,15,JavaScript,True,True,mit
165,marijnh,marijnh/ieee-floats,2012-08-23T14:22:20Z,18,18,Common Lisp,True,True,zlib
166,marijnh,marijnh/eslint4b-prebuilt,2019-11-28T09:43:51Z,12,12,JavaScript,True,True,mit
167,marijnh,marijnh/cetriolo,2012-06-28T12:41:19Z,24,24,JavaScript,True,True,
168,marijnh,marijnh/js,2010-05-01T19:34:47Z,19,19,Common Lisp,True,False,mit
169,marijnh,marijnh/module-workshop,2017-08-03T11:15:59Z,15,15,JavaScript,True,True,mit
170,marijnh,marijnh/browserkeymap,2016-01-06T14:03:59Z,41,41,JavaScript,True,True,mit
171,marijnh,marijnh/extending-char,2016-08-30T16:08:08Z,5,5,,True,True,mit
172,marijnh,marijnh/distfs,2016-02-11T10:58:53Z,40,40,JavaScript,True,True,
173,marijnh,marijnh/discourse_docker,2016-06-30T08:55:52Z,0,0,Shell,True,True,
174,marijnh,marijnh/localport,2016-04-27T06:24:56Z,16,16,JavaScript,True,True,mit
175,marijnh,marijnh/cl-tk,2010-10-25T12:49:31Z,15,15,Common Lisp,True,True,zlib
176,marijnh,marijnh/berlin_compiler_meetup,2012-06-21T12:44:57Z,0,0,CSS,True,True,
177,marijnh,marijnh/Eloquent-JavaScript-1st-edition,2011-10-30T18:50:51Z,323,323,JavaScript,True,True,
178,marijnh,marijnh/acl-zmq,2010-11-02T10:58:41Z,1,1,Common Lisp,True,True,
179,marijnh,marijnh/defservice,2010-09-20T15:02:37Z,15,15,Common Lisp,True,True,other
180,mxmnk,mxmnk/mxmnk,2020-11-23T06:27:56Z,246,246,Markdown,True,True,
181,mxmnk,mxmnk/hey,2021-08-16T16:40:01Z,70,70,JavaScript,True,True,
182,mxmnk,mxmnk/octopus,2023-11-02T08:36:36Z,5,5,JavaScript,True,True,
183,mxmnk,mxmnk/se,2020-06-25T12:45:21Z,51,51,JavaScript,True,True,
184,mxmnk,mxmnk/psychic-octo-computing-machine,2021-09-12T14:54:49Z,44,44,Smalltalk,True,True,
185,mxmnk,mxmnk/no,2021-08-16T16:24:00Z,54,54,Shell,True,True,
186,mxmnk,mxmnk/hooks,2020-06-07T10:08:48Z,84,84,JavaScript,True,True,
187,nikic,nikic/dist-git-build-pipeline,2024-10-09T12:24:05Z,0,0,,True,True,
188,nikic,nikic/include-interceptor,2019-12-28T23:29:17Z,69,69,PHP,False,False,
189,nikic,nikic/alive2,2024-05-30T16:24:32Z,0,0,,True,False,mit
190,nikic,nikic/FastRoute,2014-02-16T23:16:45Z,5119,5119,PHP,True,True,other
191,nikic,nikic/compiler-builtins,2022-02-13T16:53:17Z,0,0,,True,False,other
192,nikic,nikic/clang-built-fedora-status,2023-06-05T15:05:12Z,0,0,,True,True,
193,nikic,nikic/c-stdaux,2024-01-05T10:04:12Z,0,0,,True,True,
194,nikic,nikic/apcu,2017-11-22T20:23:45Z,3,3,PHP,True,False,other
195,nikic,nikic/buffer,2013-03-15T20:34:31Z,42,42,C,True,True,other
196,nikic,nikic/gcc,2022-10-20T09:52:53Z,0,0,,True,True,gpl-2.0
197,nikic,nikic/AFLplusplus,2022-09-13T08:53:20Z,0,0,,True,False,apache-2.0
198,nikic,nikic/blog.rust-lang.org,2022-07-28T07:55:22Z,0,0,,True,False,apache-2.0
199,nikic,nikic/framework,2021-11-12T20:31:03Z,0,0,,True,False,mit
200,nikic,nikic/interceptor,2019-12-23T10:30:51Z,0,0,,True,True,
201,nikic,nikic/dbal,2019-12-05T08:48:02Z,0,0,,True,False,mit
202,nikic,nikic/DB,2010-06-20T14:42:42Z,94,94,PHP,True,False,other
203,nikic,nikic/doc-en,2019-06-08T12:06:40Z,1,1,HTML,True,False,
204,nikic,nikic/emscripten-fastcomp,2019-04-19T16:31:41Z,1,1,LLVM,True,True,other
205,nikic,nikic/Console_Getopt,2019-02-01T10:11:28Z,0,0,PHP,True,False,bsd-2-clause
206,nikic,nikic/extension-1,2018-10-28T19:59:58Z,1,1,PHP,True,True,mit
207,nikic,nikic/FLAMEGPU,2018-05-07T16:42:42Z,0,0,C++,True,True,other
208,nikic,nikic/ClassPreloader,2018-03-11T16:05:39Z,4,4,PHP,True,False,mit
209,nikic,nikic/hhvm,2015-02-27T17:35:32Z,0,0,C++,True,True,other
210,nikic,nikic/ace,2016-10-01T18:57:54Z,1,1,JavaScript,True,True,other
211,nikic,nikic/extension,2016-08-03T18:23:24Z,0,0,C,True,True,mit
212,nikic,nikic/Ardent,2015-03-27T14:11:24Z,4,4,PHP,True,False,mit
213,nikic,nikic/instantiator,2014-10-13T11:59:13Z,1,1,,True,True,mit
214,nikic,nikic/comparable,2013-04-08T13:54:36Z,49,49,C,True,True,other
215,nikic,nikic/ditaio,2012-12-25T23:38:59Z,43,43,PHP,True,True,
216,nikic,nikic/hello-world,2012-04-29T09:50:40Z,12,12,ActionScript,True,True,
217,greenrobot,greenrobot/greenDAO-plugin,2024-06-12T06:06:36Z,4,4,Kotlin,True,True,gpl-3.0
218,greenrobot,greenrobot/greenDAO,2011-10-22T16:15:14Z,12626,12626,Java,True,False,
219,greenrobot,greenrobot/EventBus,2012-07-16T16:55:40Z,24681,24681,Java,True,True,apache-2.0
220,greenrobot,greenrobot/unordered_dense,2022-08-26T21:44:36Z,0,0,,True,True,mit
221,greenrobot,greenrobot/essentials,2014-11-04T16:22:18Z,1359,1359,Java,True,False,apache-2.0
222,greenrobot,greenrobot/uWebSockets,2020-11-08T11:00:51Z,3,3,,True,False,apache-2.0
223,greenrobot,greenrobot/android-database-performance,2015-11-05T18:09:27Z,80,80,Java,True,True,apache-2.0
224,greenrobot,greenrobot/android-tips-tricks,2020-01-08T12:54:19Z,11,11,,True,True,apache-2.0
225,greenrobot,greenrobot/ObjectBoxRxJava,2017-02-21T13:59:20Z,71,71,Java,True,True,apache-2.0
226,greenrobot,greenrobot/daocompat,2017-09-15T11:49:26Z,7,7,Java,True,True,apache-2.0
227,greenrobot,greenrobot/AndroidDatabaseLibraryComparison,2016-07-08T12:36:44Z,4,4,Java,True,True,mit
228,greenrobot,greenrobot/android-orm-benchmark-updated,2016-07-08T12:35:55Z,3,3,Java,True,True,apache-2.0
229,greenrobot,greenrobot/gitbook-2016-berlin-barcamp,2016-06-15T15:10:16Z,2,2,,True,True,
230,greenrobot,greenrobot/jetty.project,2015-02-11T12:48:45Z,2,2,Java,True,True,other
231,greenrobot,greenrobot/twoway-view,2013-03-14T20:57:57Z,9,9,Java,True,True,
232,greenrobot,greenrobot/android-websockets,2013-03-19T16:45:56Z,7,7,Java,True,True,
233,greenrobot,greenrobot/madvertise-android-sdk,2013-02-17T10:09:13Z,3,3,Java,True,True,apache-2.0
234,greenrobot,greenrobot/SlidingMenu,2012-11-29T13:36:32Z,3,3,Java,True,True,apache-2.0
235,greenrobot,greenrobot/ActionBarSherlock,2011-10-28T22:15:51Z,7,7,Java,True,False,apache-2.0
236,greenrobot,greenrobot/greenInject,2011-08-29T10:22:49Z,55,55,Java,True,True,
237,greenrobot,greenrobot/sdl-android,2010-09-23T14:55:01Z,36,36,C,True,True,lgpl-2.1
238,greenrobot,greenrobot/RSS-View,2011-08-02T08:00:23Z,6,6,,True,True,
239,sebastianruder,sebastianruder/NLP-progress,2018-06-22T17:43:55Z,22648,22648,Python,True,True,mit
240,sebastianruder,sebastianruder/opencog,2014-02-26T11:20:19Z,1,1,C++,True,False,other
241,sebastianruder,sebastianruder/emotion_proposition_store,2014-09-20T14:07:49Z,28,28,TeX,True,True,
242,sebastianruder,sebastianruder/masakhane-ner,2023-01-26T13:59:49Z,0,0,,True,True,other
243,sebastianruder,sebastianruder/sebastianruder,2015-08-16T14:24:33Z,35,35,HTML,True,True,
244,sebastianruder,sebastianruder/lacuna_pos_ner,2023-01-26T13:59:22Z,0,0,,True,True,other
245,sebastianruder,sebastianruder/emnlp2021-multiqa-tutorial,2021-04-17T10:35:52Z,38,38,,True,True,
246,sebastianruder,sebastianruder/allennlp,2020-08-06T09:54:10Z,1,1,,True,False,apache-2.0
247,sebastianruder,sebastianruder/allennlp-models,2020-08-06T10:00:02Z,1,1,,True,False,apache-2.0
248,sebastianruder,sebastianruder/transformers,2020-01-13T10:59:36Z,2,2,,True,True,apache-2.0
249,sebastianruder,sebastianruder/cv,2015-12-22T16:53:54Z,23,23,TeX,True,True,
250,sebastianruder,sebastianruder/latent-variable-vecmap,2018-03-07T12:37:01Z,18,18,Python,True,True,gpl-3.0
251,sebastianruder,sebastianruder/sluice-networks,2017-07-18T08:33:18Z,152,152,Python,True,True,
252,sebastianruder,sebastianruder/MUSE,2018-01-30T13:19:28Z,5,5,Python,True,False,other
253,sebastianruder,sebastianruder/semi-supervised,2018-04-26T08:41:38Z,10,10,TeX,True,True,
254,sebastianruder,sebastianruder/bilstm-aux,2017-08-23T14:26:44Z,5,5,Python,True,True,other
255,sebastianruder,sebastianruder/learn-to-select-data,2017-07-17T15:35:02Z,169,169,Python,True,True,
256,sebastianruder,sebastianruder/blog,2015-08-16T14:59:18Z,3,3,CSS,True,True,mit
257,sebastianruder,sebastianruder/NeuroNER,2017-09-13T14:46:29Z,3,3,Python,True,True,
258,sebastianruder,sebastianruder/research_interests,2016-05-06T10:28:18Z,3,3,TeX,True,True,
259,sebastianruder,sebastianruder/tensorflow-experiments,2015-11-15T17:33:13Z,11,11,C++,True,True,
260,sebastianruder,sebastianruder/ml,2015-08-08T09:41:02Z,3,3,Python,True,True,
261,sebastianruder,sebastianruder/kaggle,2015-08-30T08:45:58Z,4,4,Python,True,True,
262,sebastianruder,sebastianruder/TravelClassify,2015-05-11T06:24:49Z,6,6,Java,True,True,mit
263,sebastianruder,sebastianruder/buster,2016-01-08T11:26:31Z,1,1,Python,True,True,mit
264,sebastianruder,sebastianruder/cs4001,2014-10-21T09:52:06Z,1,1,,True,True,
265,sebastianruder,sebastianruder/StartupPitchPerfect,2014-11-22T12:03:25Z,5,5,JavaScript,True,True,
266,sebastianruder,sebastianruder/BART,2014-05-05T09:18:41Z,5,5,Java,True,True,
267,sebastianruder,sebastianruder/relex,2014-05-08T16:08:07Z,1,1,Java,True,False,apache-2.0
268,sebastianruder,sebastianruder/external-tools,2014-06-09T14:58:20Z,1,1,CSS,True,False,agpl-3.0
269,vakila,vakila/convex-cms-vite,2024-08-05T14:15:21Z,0,0,TypeScript,True,False,apache-2.0
270,vakila,vakila/automerge.github.io,2024-03-16T21:43:08Z,0,0,JavaScript,True,True,
271,vakila,vakila/automerge-repo-quickstart,2024-03-16T22:03:18Z,0,0,TypeScript,True,True,
272,vakila,vakila/meme-me,2023-11-30T15:16:28Z,7,7,HTML,True,False,
273,vakila,vakila/observable-demo,2020-06-03T00:32:57Z,9,9,HTML,True,False,
274,vakila,vakila/convex-helpers,2023-02-16T23:44:26Z,0,0,,True,True,mit
275,vakila,vakila/convex-templates,2023-11-01T17:42:10Z,0,0,,True,True,
276,vakila,vakila/ai-town,2023-08-17T15:05:29Z,1,1,,True,True,mit
277,vakila,vakila/coducks,2023-07-03T22:55:08Z,7,7,TypeScript,True,False,
278,vakila,vakila/functional-workshop,2018-07-30T02:18:19Z,335,335,JavaScript,True,True,
279,vakila,vakila/javascript-first-steps,2022-09-10T00:47:34Z,11,11,HTML,True,True,
280,vakila,vakila/convex-demos,2023-01-05T23:07:52Z,0,0,,True,True,
281,vakila,vakila/dataviz-for-react-devs,2022-10-19T00:00:42Z,4,4,JavaScript,True,True,
282,vakila,vakila/egghead-lessons,2020-05-03T19:29:42Z,8,8,HTML,True,True,
283,vakila,vakila/mapbox-concatenate-workshop,2019-10-08T19:26:03Z,19,19,HTML,True,True,
284,vakila,vakila/dunders,2016-07-20T21:26:23Z,84,84,Python,True,True,
285,vakila,vakila/mapbreaking-workshop,2017-10-04T19:23:35Z,0,0,,True,True,
286,vakila,vakila/brainlord,2015-01-28T16:50:49Z,8,8,Python,True,True,
287,vakila,vakila/kimi,2015-11-16T17:23:49Z,138,138,Python,True,True,mit
288,vakila,vakila/hupper,2017-02-24T14:57:37Z,2,2,Python,True,True,mit
289,vakila,vakila/net-set,2015-11-04T17:34:25Z,36,36,JavaScript,True,True,mit
290,vakila,vakila/bangbangcon.github.io,2016-05-13T15:24:00Z,2,2,HTML,True,True,mit
291,vakila,vakila/dastralgos,2016-01-26T18:34:53Z,11,11,Python,True,True,
292,vakila,vakila/LaTeXresources,2015-11-16T15:53:27Z,3,3,TeX,True,True,
293,vakila,vakila/de-stress,2014-12-31T15:34:38Z,11,11,Groovy,True,True,mit
294,vakila,vakila/html,2015-10-22T18:51:01Z,0,0,HTML,True,False,
295,vakila,vakila/game-of-life,2015-10-08T16:38:44Z,30,30,JavaScript,True,True,mit
296,vakila,vakila/marytts,2014-03-17T09:19:06Z,2,2,Java,True,True,other
297,vakila,vakila/arctic-prompts,2014-03-17T13:11:29Z,1,1,Shell,True,True,apache-2.0
298,vakila,vakila/Excitement-Open-Platform,2013-09-10T07:11:49Z,0,0,Java,True,False,
299,tonsky,tonsky/Clojure-Sublimed,2018-12-23T23:43:07Z,370,370,Clojure,False,True,mit
300,tonsky,tonsky/clj-reload,2024-01-29T19:12:48Z,210,210,Clojure,True,True,mit
301,tonsky,tonsky/clj-simple-router,2023-09-15T22:00:32Z,55,55,Clojure,True,True,mit
302,tonsky,tonsky/crdt-filesync,2024-06-21T16:25:15Z,110,110,TypeScript,True,True,
303,tonsky,tonsky/AnyBar,2015-03-02T19:27:52Z,5924,5924,Objective-C,True,True,epl-1.0
304,tonsky,tonsky/advent-of-code,2021-12-01T16:54:42Z,9,9,Clojure,True,True,
305,tonsky,tonsky/DarkModeToggle,2023-08-10T17:46:15Z,11,11,Swift,False,False,mit
306,tonsky,tonsky/codingame-fall-2022,2022-12-24T21:37:54Z,2,2,Clojure,True,True,
307,tonsky,tonsky/compact-uuids,2017-11-21T18:19:34Z,135,135,Clojure,True,True,epl-1.0
308,tonsky,tonsky/clojure.unicode,2014-11-13T13:15:27Z,49,49,Clojure,True,True,epl-1.0
309,tonsky,tonsky/chisty-list,2020-08-06T11:05:52Z,0,0,,True,True,
310,tonsky,tonsky/cljs-drag-n-drop,2017-11-19T18:08:03Z,57,57,Clojure,True,True,epl-1.0
311,tonsky,tonsky/clojure-warrior,2017-12-18T11:03:16Z,57,57,TypeScript,True,True,mit
312,tonsky,tonsky/advent2018,2018-12-04T17:17:37Z,5,5,Clojure,True,True,
313,tonsky,tonsky/clojure-future-spec,2016-06-29T11:57:17Z,115,115,Clojure,True,True,epl-1.0
314,tonsky,tonsky/2018-05-UWDC,2018-05-16T09:13:32Z,2,2,JavaScript,False,False,
315,tonsky,tonsky/clojure-bits-server,2018-02-14T09:10:04Z,2,2,Clojure,True,True,
316,tonsky,tonsky/clojure-bits,2018-02-07T20:21:50Z,3,3,Clojure,True,True,
317,tonsky,tonsky/closure-elimination-bug,2017-11-22T12:33:27Z,0,0,Clojure,True,True,
318,tonsky,tonsky/2017-10-Reactive,2017-10-22T19:52:38Z,2,2,JavaScript,False,False,
319,tonsky,tonsky/2017-09-CSS-Minsk-JS,2017-09-09T21:12:34Z,0,0,JavaScript,False,False,
320,tonsky,tonsky/2017-06-FrontendConf,2017-05-23T15:24:08Z,0,0,JavaScript,True,False,
321,tonsky,tonsky/2017-05-RigaDevDays,2017-05-15T06:22:54Z,2,2,JavaScript,False,False,
322,tonsky,tonsky/alabaster-lighttable-skin,2016-04-12T09:08:49Z,28,28,CSS,True,True,
323,tonsky,tonsky/cljs-skeleton,2015-12-04T14:40:40Z,30,30,Clojure,True,True,
324,tonsky,tonsky/boot-anybar,2015-03-04T06:49:54Z,18,18,Clojure,True,True,epl-1.0
325,tonsky,tonsky/cljsbuild_data_readers,2015-01-14T18:05:11Z,0,0,Clojure,True,True,
326,tonsky,tonsky/clojurescript_deps_test,2014-11-16T18:17:17Z,0,0,Clojure,True,True,
327,tonsky,tonsky/41-socks,2014-04-02T17:44:59Z,37,37,Clojure,True,False,
328,tonsky,tonsky/bloknote,2012-06-17T00:40:54Z,16,16,Clojure,True,True,
329,felixge,felixge/cgosymbolizer,2023-12-08T10:26:23Z,0,0,,True,True,other
330,felixge,felixge/advent-2022,2022-12-21T15:51:16Z,0,0,Go,True,True,
331,felixge,felixge/alloc-prof-sim,2022-11-24T22:28:43Z,0,0,Go,True,True,
332,felixge,felixge/benchmore,2022-02-05T19:42:05Z,28,28,Go,True,True,mit
333,felixge,felixge/chapter-thumbnails,2022-01-10T14:15:33Z,0,0,Go,True,True,
334,felixge,felixge/codecov-test,2021-12-13T13:22:19Z,0,0,Go,True,True,
335,felixge,felixge/advent-2021,2021-12-01T14:23:16Z,18,18,Go,True,True,
336,felixge,felixge/cl,2021-06-19T07:39:10Z,18,18,Go,True,True,mit
337,felixge,felixge/advent-2020,2020-12-10T10:51:05Z,2,2,Rust,True,True,
338,felixge,felixge/carbon-now-cli,2020-01-26T13:19:27Z,0,0,,True,True,mit
339,felixge,felixge/bcc,2019-12-12T08:39:11Z,1,1,,True,True,apache-2.0
340,felixge,felixge/can,2014-12-11T10:51:48Z,5,5,Go,True,True,
341,felixge,felixge/casecontrolmatch,2014-06-07T16:43:06Z,0,0,Go,True,True,
342,felixge,felixge/asciitable,2014-07-04T13:30:54Z,2,2,Go,True,True,mit
343,felixge,felixge/ccv,2014-04-11T14:28:43Z,1,1,C,True,True,other
344,felixge,felixge/cakephp-authsome,2009-12-24T11:32:17Z,123,123,PHP,True,True,
345,felixge,felixge/campusparty-2012-code,2012-08-23T11:07:57Z,0,0,JavaScript,True,True,
346,felixge,felixge/berlinjs.org,2012-02-29T09:51:52Z,3,3,JavaScript,True,True,
347,felixge,felixge/cakephp,2011-01-21T14:50:20Z,2,2,PHP,True,False,
348,felixge,felixge/beachwhenever.com,2012-05-20T19:28:57Z,2,2,,True,True,
349,felixge,felixge/buster-docs,2012-02-17T14:34:41Z,1,1,JavaScript,True,True,
350,felixge,felixge/codesurgeon,2011-11-20T20:32:01Z,1,1,JavaScript,True,True,
351,felixge,felixge/commander.js,2011-10-31T21:18:54Z,5,5,JavaScript,True,True,
352,felixge,felixge/cluster,2011-07-17T11:23:25Z,2,2,JavaScript,True,True,mit
353,felixge,felixge/async,2011-07-06T14:14:19Z,3,3,JavaScript,True,True,mit
354,felixge,felixge/ack,2011-04-01T14:30:54Z,4,4,Perl,True,True,
355,felixge,felixge/cakephp-browscap,2010-07-14T13:28:50Z,2,2,PHP,True,True,
356,felixge,felixge/cakephp-mixpanel,2010-07-14T13:29:40Z,1,1,PHP,True,True,
357,felixge,felixge/cakephp1x,2009-12-10T19:34:52Z,1,1,PHP,True,False,
358,felixge,felixge/chrome-bookmark-bar-shortcuts,2009-09-11T17:27:36Z,2,2,JavaScript,True,True,
359,alexeygrigorev,alexeygrigorev/codeforces-py,2024-10-15T18:47:23Z,0,0,Python,True,True,
360,alexeygrigorev,alexeygrigorev/au-tomator-lambda,2022-06-27T07:49:04Z,2,2,Python,True,True,
361,alexeygrigorev,alexeygrigorev/airtable-mailchimp-poller,2022-08-17T06:49:21Z,1,1,Jupyter Notebook,True,True,
362,alexeygrigorev,alexeygrigorev/build-your-own-search-engine,2024-05-21T13:24:42Z,68,68,Jupyter Notebook,True,True,
363,alexeygrigorev,alexeygrigorev/calendar-reminders,2024-02-21T11:26:06Z,3,3,Python,True,True,
364,alexeygrigorev,alexeygrigorev/au-tomator-telegram-bot,2022-05-26T20:34:11Z,4,4,Python,True,True,
365,alexeygrigorev,alexeygrigorev/aws-ses-util,2022-09-22T06:43:12Z,1,1,Python,True,True,
366,alexeygrigorev,alexeygrigorev/alexeygrigorev,2020-07-10T19:55:25Z,27,27,,True,True,
367,alexeygrigorev,alexeygrigorev/alexeygrigorev.github.io,2015-03-28T11:16:13Z,4,4,CSS,True,True,
368,alexeygrigorev,alexeygrigorev/au-tomator-lambda-zoomcamp-projects,2022-09-09T19:09:01Z,0,0,Python,True,True,
369,alexeygrigorev,alexeygrigorev/aws-emr-spark-model-deployment-workshop,2020-11-25T10:50:19Z,2,2,Jupyter Notebook,True,True,
370,alexeygrigorev,alexeygrigorev/aws-lambda-docker,2020-12-02T21:50:47Z,22,22,Jupyter Notebook,True,True,
371,alexeygrigorev,alexeygrigorev/clothing-dataset,2020-09-19T19:23:06Z,105,105,,True,True,cc0-1.0
372,alexeygrigorev,alexeygrigorev/aws-lambda-model-deployment-workshop,2020-11-12T12:59:44Z,4,4,Jupyter Notebook,True,True,
373,alexeygrigorev,alexeygrigorev/clothing-dataset-small,2020-09-19T19:21:07Z,48,48,,True,True,cc0-1.0
374,alexeygrigorev,alexeygrigorev/codeforces-solutions-java,2018-05-02T04:24:29Z,1,1,Java,True,True,
375,alexeygrigorev,alexeygrigorev/codeforces-crawler,2018-03-31T10:20:31Z,5,5,Java,True,True,
376,alexeygrigorev,alexeygrigorev/competitions,2016-05-14T11:00:46Z,4,4,Jupyter Notebook,True,True,
377,alexeygrigorev,alexeygrigorev/clickbait-challenge,2017-09-09T08:12:57Z,8,8,Python,True,True,
378,alexeygrigorev,alexeygrigorev/classifying-crisis-reports-dsc,2017-05-18T08:32:38Z,21,21,Python,True,True,
379,alexeygrigorev,alexeygrigorev/boosters-evotor-gettingstarted,2017-05-12T18:25:14Z,0,0,Java,True,True,
380,alexeygrigorev,alexeygrigorev/barololometer,2016-08-14T09:38:09Z,1,1,Java,True,True,
381,alexeygrigorev,alexeygrigorev/avito-page-view-prediction-boosters,2017-02-10T05:21:41Z,3,3,Python,True,True,
382,alexeygrigorev,alexeygrigorev/cikm-cup-2016-cross-device,2016-10-05T07:50:41Z,24,24,Python,True,True,
383,alexeygrigorev,alexeygrigorev/avito-duplicates-kaggle,2016-07-12T19:55:53Z,61,61,Python,True,True,
384,alexeygrigorev,alexeygrigorev/allen-qa,2016-02-13T16:16:01Z,0,0,Jupyter Notebook,True,True,
385,alexeygrigorev,alexeygrigorev/codoforum-translations,2015-03-03T09:29:44Z,0,0,PHP,True,True,mit
386,alexeygrigorev,alexeygrigorev/BigDataClass-ws2014,2015-02-23T12:25:28Z,0,0,Java,True,True,
387,alexeygrigorev,alexeygrigorev/aim3,2015-01-03T17:06:55Z,1,1,Java,True,True,gpl-3.0
388,alexeygrigorev,alexeygrigorev/bigdataclass.org,2014-03-02T21:16:22Z,0,0,Java,True,True,apache-2.0
389,hanxiao,hanxiao/Auto-GPT-Plugins,2023-04-26T07:13:52Z,0,0,,True,True,mit
390,hanxiao,hanxiao/demo-gnes-flow,2019-10-15T11:07:19Z,12,12,Jupyter Notebook,True,True,apache-2.0
391,hanxiao,hanxiao/dalle-mini,2022-04-25T08:32:03Z,1,1,Python,True,False,apache-2.0
392,hanxiao,hanxiao/all-contributors,2022-04-15T18:15:45Z,1,1,,True,False,mit
393,hanxiao,hanxiao/cookiecutter-jina-executor,2021-07-28T08:55:29Z,0,0,,True,True,apache-2.0
394,hanxiao,hanxiao/chatwoot,2020-11-08T11:30:34Z,1,1,,True,True,mit
395,hanxiao,hanxiao/copyright-action,2020-10-05T08:54:31Z,1,1,Python,True,True,mit
396,hanxiao,hanxiao/create-pull-request,2020-09-03T12:37:40Z,1,1,,True,True,mit
397,hanxiao,hanxiao/all-contributors-cli,2020-08-15T16:50:11Z,1,1,JavaScript,True,False,other
398,hanxiao,hanxiao/co-learning-lounge,2020-06-03T15:42:12Z,0,0,,True,True,
399,hanxiao,hanxiao/cookiecutter-pypackage,2020-06-07T19:07:33Z,0,0,,True,True,bsd-3-clause
400,hanxiao,hanxiao/big_transfer,2020-05-24T21:18:50Z,1,1,Python,True,True,apache-2.0
401,hanxiao,hanxiao/auto-close-issues,2020-04-24T20:24:15Z,0,0,JavaScript,True,True,
402,hanxiao,hanxiao/action-lgtm-reaction,2020-03-26T21:19:14Z,0,0,,True,True,apache-2.0
403,hanxiao,hanxiao/benchmark,2019-09-23T09:00:36Z,8,8,Python,True,True,mit
404,hanxiao,hanxiao/chart,2019-10-22T20:34:36Z,0,0,,True,True,
405,hanxiao,hanxiao/commitlint,2019-07-11T06:32:33Z,0,0,JavaScript,True,False,mit
406,hanxiao,hanxiao/aiozmq,2019-10-31T15:49:01Z,0,0,,True,True,bsd-2-clause
407,hanxiao,hanxiao/bert,2018-11-10T04:55:07Z,2,2,Python,True,True,apache-2.0
408,hanxiao,hanxiao/daanet,2018-09-05T11:19:31Z,146,146,Python,True,True,
409,hanxiao,hanxiao/CAIL,2018-05-16T04:07:24Z,0,0,,True,True,mit
410,hanxiao,hanxiao/code2banner,2018-09-12T05:27:45Z,0,0,,True,True,mit
411,hanxiao,hanxiao/blog-gitment,2018-01-25T18:08:55Z,0,0,,True,True,
412,hanxiao,hanxiao/activitywatch,2017-11-24T14:16:36Z,1,1,Python,True,True,mpl-2.0
413,hanxiao,hanxiao/CoGAN-tensorflow,2017-09-17T09:01:39Z,1,1,Python,True,True,
414,hanxiao,hanxiao/connexion,2017-08-21T14:23:51Z,0,0,Python,True,False,other
415,hanxiao,hanxiao/awesome,2017-07-27T14:39:44Z,0,0,,True,True,
416,hanxiao,hanxiao/awesome-badges,2017-07-27T14:38:34Z,0,0,JavaScript,True,True,mit
417,hanxiao,hanxiao/barcode-wxserver,2016-01-20T11:01:13Z,1,1,Java,True,True,
418,hanxiao,hanxiao/app,2015-03-27T23:25:20Z,0,0,CSS,True,True,
419,ines,ines/die-aerzte,2024-09-03T07:42:57Z,1,1,Python,False,False,mit
420,ines,ines/DaCy,2021-03-01T10:59:20Z,0,0,,True,True,apache-2.0
421,ines,ines/spacy-js,2018-10-25T12:06:55Z,193,193,JavaScript,False,False,mit
422,ines,ines/awesome-pyladies-blogs,2023-05-04T08:56:48Z,1,1,R,True,False,cc0-1.0
423,ines,ines/shitty-cat-petting-robot,2023-04-27T07:59:46Z,6,6,Python,False,False,mit
424,ines,ines/course-starter-r,2019-04-18T10:05:34Z,342,342,CSS,False,False,mit
425,ines,ines/spacy-streamlit-demo,2020-09-24T12:47:45Z,20,20,Python,False,False,mit
426,ines,ines/termynal,2017-06-08T15:49:18Z,1703,1703,JavaScript,False,False,mit
427,ines,ines/course-starter-python,2019-04-18T06:36:10Z,504,504,CSS,False,False,mit
428,ines,ines/pySBD,2019-10-29T13:49:56Z,4,4,,True,True,mit
429,ines,ines/RBootcamp,2019-07-09T18:47:53Z,2,2,CSS,True,True,mit
430,ines,ines/juniper,2018-04-30T18:46:44Z,224,224,JavaScript,False,False,mit
431,ines,ines/spacy-feedstock,2017-03-03T17:52:30Z,0,0,Shell,True,False,bsd-3-clause
432,ines,ines/spacy-graphql,2018-08-01T14:50:41Z,87,87,Python,False,False,mit
433,ines,ines/console-dot-emoji,2016-06-20T16:49:07Z,250,250,JavaScript,False,False,
434,ines,ines/quickstart,2017-05-17T15:22:41Z,67,67,JavaScript,False,False,mit
435,ines,ines/pretty-harp-jade-skeleton,2016-05-25T20:34:10Z,13,13,HTML,False,False,
436,ines,ines/pretty-jekyll-skeleton,2015-11-11T18:07:03Z,12,12,HTML,True,False,
437,ines,ines/scheidify,2015-12-17T13:55:31Z,3,3,JavaScript,False,False,
438,apaszke,apaszke/jax,2020-03-13T12:04:19Z,0,0,Python,True,True,apache-2.0
439,apaszke,apaszke/llvm-project,2021-07-02T15:59:22Z,0,0,,True,False,
440,apaszke,apaszke/apaszke.github.io,2015-08-30T22:18:10Z,7,7,HTML,True,True,
441,apaszke,apaszke/dex-lang,2020-04-07T12:17:48Z,1,1,Haskell,True,True,bsd-3-clause
442,apaszke,apaszke/llvm-hs,2020-12-17T14:42:27Z,1,1,,True,True,
443,apaszke,apaszke/iree-llvm-sandbox,2021-11-25T11:42:59Z,0,0,,True,False,apache-2.0
444,apaszke,apaszke/cabal2bazel,2021-04-16T17:03:31Z,0,0,,True,True,apache-2.0
445,apaszke,apaszke/dotfiles,2015-11-22T21:06:20Z,3,3,Vim script,True,True,
446,apaszke,apaszke/llvm-hs-linking-issues,2020-08-25T09:51:50Z,0,0,Haskell,True,True,
447,apaszke,apaszke/matplotlib,2020-03-05T10:38:15Z,0,0,,True,True,
448,apaszke,apaszke/examples,2017-05-23T17:22:43Z,10,10,Python,True,True,bsd-3-clause
449,apaszke,apaszke/ffi-experimental,2019-05-29T11:05:12Z,1,1,Haskell,True,True,other
450,apaszke,apaszke/libui,2018-04-06T10:41:00Z,0,0,C,True,True,other
451,apaszke,apaszke/ATen,2017-10-19T10:14:50Z,0,0,C,True,True,
452,apaszke,apaszke/emscripten,2017-07-14T02:41:16Z,0,0,C,True,True,other
453,apaszke,apaszke/jpp-prolog-test,2017-06-03T10:33:09Z,0,0,Python,True,True,
454,apaszke,apaszke/gloo,2017-03-12T12:57:47Z,0,0,C++,True,True,other
455,apaszke,apaszke/cunn,2016-02-15T21:56:05Z,0,0,Cuda,True,True,other
456,apaszke,apaszke/cutorch,2016-03-07T10:21:26Z,0,0,Cuda,True,True,other
457,apaszke,apaszke/cudnn.torch,2016-04-28T22:51:41Z,0,0,Lua,True,True,bsd-2-clause
458,apaszke,apaszke/hashcode,2016-03-19T10:01:31Z,0,0,C++,True,True,
459,apaszke,apaszke/imagenet-multiGPU.torch,2016-01-26T13:37:58Z,0,0,Lua,True,True,
460,apaszke,apaszke/bst,2016-01-24T19:13:17Z,0,0,C++,True,True,
461,apaszke,apaszke/distro,2015-12-17T22:10:02Z,0,0,Shell,True,True,
462,apaszke,apaszke/console-timestamp,2014-03-17T22:06:26Z,1,1,JavaScript,True,True,mit
463,apaszke,apaszke/kaggle-denoising-documents,2015-08-28T18:51:30Z,1,1,Lua,True,True,
464,apaszke,apaszke/kaggle-grasp-and-lift,2015-07-25T22:26:58Z,70,70,Lua,True,True,
465,apaszke,apaszke/ariel,2015-04-18T21:43:50Z,0,0,JavaScript,True,True,
466,apaszke,apaszke/HabitUI,2014-12-22T15:50:25Z,0,0,CSS,True,True,mit
467,apaszke,apaszke/interactive,2014-03-22T20:25:41Z,4,4,JavaScript,True,True,mit
468,lewagon,lewagon/data-engineering-setup,2022-06-15T16:48:57Z,10,10,Ruby,True,True,
469,lewagon,lewagon/Bored-API,2024-05-26T21:07:55Z,0,0,JavaScript,True,False,mit
470,lewagon,lewagon/chat-redux,2017-09-26T10:21:03Z,5,5,JavaScript,False,False,
471,lewagon,lewagon/bash-runner,2024-05-09T09:21:20Z,0,0,Dockerfile,False,False,
472,lewagon,lewagon/data-certification-api-movies,2021-06-25T13:44:51Z,0,0,Python,True,True,
473,lewagon,lewagon/bootstrap-boilerplate,2014-07-02T16:45:20Z,108,108,HTML,True,True,mit
474,lewagon,lewagon/awesome-navbars,2014-11-14T15:07:03Z,60,60,HTML,True,True,
475,lewagon,lewagon/data-analytics-jupyter-challenges,2023-02-14T09:45:38Z,0,0,Jupyter Notebook,True,True,
476,lewagon,lewagon/bootstrap-dashboard-boilerplate,2023-02-28T16:09:31Z,0,0,HTML,True,True,
477,lewagon,lewagon/data-analytics-sprint,2020-02-11T16:09:44Z,15,15,Jupyter Notebook,True,True,
478,lewagon,lewagon/data-certification-api,2021-03-12T11:50:26Z,0,0,Python,True,True,
479,lewagon,lewagon/data-certification-exam,2021-03-11T17:42:52Z,0,0,,True,True,
480,lewagon,lewagon/data-images,2019-11-08T16:23:52Z,0,0,,False,True,
481,lewagon,lewagon/breaking-bad-quotes,2022-04-28T10:42:15Z,0,0,,True,False,
482,lewagon,lewagon/conduct,2019-05-23T16:13:35Z,4,4,,True,True,
483,lewagon,lewagon/data-kit,2015-02-05T09:41:12Z,201,201,Jupyter Notebook,True,True,
484,lewagon,lewagon/components-demo,2017-07-21T08:38:29Z,6,6,HTML,True,True,
485,lewagon,lewagon/alfred-coworker,2016-04-20T17:46:11Z,2,2,Ruby,True,True,
486,lewagon,lewagon/airbnb,2018-11-29T10:31:10Z,1,1,HTML,True,True,
487,lewagon,lewagon/chat-rails-redux,2017-09-28T14:48:47Z,3,3,Ruby,False,False,
488,lewagon,lewagon/blog-rails-redux,2017-09-28T14:49:01Z,1,1,Ruby,True,True,
489,lewagon,lewagon/clearbit-livecode,2018-05-09T08:45:38Z,1,1,HTML,True,True,
490,lewagon,lewagon/bootcamp-finder,2018-05-05T18:34:27Z,1,1,Python,True,True,
491,lewagon,lewagon/blog-redux,2017-09-28T07:45:14Z,3,3,JavaScript,False,False,
492,lewagon,lewagon/corporate-satair,2017-05-03T11:06:51Z,0,0,HTML,True,True,
493,lewagon,lewagon/amsterdam,2016-03-02T16:48:24Z,3,3,CSS,True,True,
494,lewagon,lewagon/amsterdam-drive-in,2016-01-30T17:20:31Z,4,4,HTML,True,True,
495,lewagon,lewagon/animation-challenges,2015-05-20T12:51:45Z,2,2,CSS,True,True,
496,lewagon,lewagon/cetetejecode-videos,2014-07-01T15:29:17Z,2,2,CSS,True,True,
497,lewagon,lewagon/active-record-advanced,2014-10-27T11:17:40Z,2,2,Ruby,True,True,
498,codebytere,codebytere/chromium-codesearch-extension,2021-09-21T10:13:10Z,6,6,JavaScript,True,True,
499,codebytere,codebytere/c-ares,2024-08-26T14:39:54Z,1,1,,True,False,mit
500,codebytere,codebytere/codespace-dotfiles,2024-04-17T16:43:56Z,0,0,Shell,True,True,mit
501,codebytere,codebytere/action-upterm,2024-06-20T13:16:16Z,2,2,,True,True,apache-2.0
502,codebytere,codebytere/dotfiles,2016-06-03T20:46:12Z,7,7,Shell,False,False,
503,codebytere,codebytere/content,2024-04-10T19:34:42Z,1,1,,True,False,other
504,codebytere,codebytere/codebytere.github.io,2015-06-28T15:52:08Z,520,520,JavaScript,False,False,mit
505,codebytere,codebytere/downstream-sentinel,2024-01-02T09:38:28Z,0,0,,True,True,mit
506,codebytere,codebytere/electron-prices,2020-04-02T21:41:16Z,7,7,HTML,False,False,mit
507,codebytere,codebytere/electron-font-manager,2019-08-26T02:34:28Z,21,21,Objective-C++,False,True,
508,codebytere,codebytere/ada,2023-04-18T09:36:33Z,1,1,C++,True,False,apache-2.0
509,codebytere,codebytere/electron-build-tools-autocomplete,2022-01-17T10:25:45Z,5,5,TypeScript,True,True,
510,codebytere,codebytere/autocomplete,2022-01-17T09:01:45Z,1,1,,True,True,mit
511,codebytere,codebytere/codebytere,2018-12-20T15:47:55Z,6,6,,True,True,
512,codebytere,codebytere/docs,2021-10-04T12:59:26Z,1,1,,True,False,cc-by-4.0
513,codebytere,codebytere/changelog-maker,2020-03-11T18:41:19Z,1,1,JavaScript,True,True,mit
514,codebytere,codebytere/branch-diff,2020-05-08T05:45:55Z,1,1,JavaScript,True,True,
515,codebytere,codebytere/electron,2020-05-06T04:03:08Z,3,3,,True,False,mit
516,codebytere,codebytere/build,2020-04-08T20:49:23Z,1,1,,True,True,
517,codebytere,codebytere/dev.to,2019-12-08T19:44:10Z,1,1,,True,True,agpl-3.0
518,codebytere,codebytere/admin,2019-12-25T00:53:37Z,1,1,,True,True,
519,codebytere,codebytere/electron-quick-start,2019-12-18T05:06:33Z,1,1,,True,True,cc0-1.0
520,codebytere,codebytere/core-validate-commit,2019-10-23T22:51:55Z,1,1,,True,True,mit
521,codebytere,codebytere/dotify,2016-08-20T21:39:14Z,33,33,Shell,True,True,
522,codebytere,codebytere/confs.tech,2019-01-21T18:35:47Z,1,1,JavaScript,True,True,mit
523,codebytere,codebytere/docker-node,2018-12-13T17:18:56Z,1,1,Dockerfile,True,True,mit
524,codebytere,codebytere/Cumulus,2019-01-22T16:52:31Z,1,1,JavaScript,True,True,mit
525,codebytere,codebytere/conferences,2017-12-30T22:57:33Z,1,1,,True,True,mit
526,codebytere,codebytere/create-probot-app,2017-09-29T23:21:34Z,1,1,JavaScript,True,True,isc
527,codebytere,codebytere/DiningHallSeating,2013-02-16T07:08:45Z,1,1,Java,True,True,
528,prisma,prisma/dataguide,2020-05-07T09:23:26Z,156,156,MDX,True,False,apache-2.0
529,prisma,prisma/.github,2020-10-09T17:33:53Z,2,2,,False,False,
530,prisma,prisma/accelerate-hackernews,2024-09-25T22:07:21Z,0,0,TypeScript,True,True,
531,prisma,prisma/cal.com,2024-07-31T09:16:10Z,1,1,,True,False,other
532,prisma,prisma/awesome-links,2021-08-09T01:25:15Z,214,214,TypeScript,True,True,
533,prisma,prisma/ci-reports,2022-08-10T15:51:11Z,1,1,HTML,True,True,
534,prisma,prisma/codemods,2020-11-06T08:32:16Z,34,34,JavaScript,False,False,
535,prisma,prisma/demo-sveltekit,2023-02-06T18:05:35Z,14,14,Svelte,True,True,
536,prisma,prisma/bridg-ea-quickstart,2024-05-02T08:37:54Z,0,0,TypeScript,True,True,
537,prisma,prisma/accelerate-nextjs-starter,2023-09-11T20:11:55Z,1,1,TypeScript,True,True,
538,prisma,prisma/blog-backend-rest-api-nestjs-prisma,2022-05-30T21:05:55Z,165,165,TypeScript,True,True,
539,prisma,prisma/accelerate-speed-test,2023-01-13T21:14:17Z,18,18,TypeScript,False,False,
540,prisma,prisma/cuid-rust,2023-09-08T17:26:00Z,0,0,,True,True,mit
541,prisma,prisma/blogr-nextjs-prisma,2020-11-24T06:51:02Z,110,110,TypeScript,True,True,
542,prisma,prisma/deployment-example-lambda-serverless-framework,2023-06-09T19:35:52Z,2,2,TypeScript,True,True,
543,prisma,prisma/20567,2023-08-06T19:26:58Z,0,0,TypeScript,True,True,
544,prisma,prisma/deployment-example-cloudflare-workers,2023-06-09T09:06:02Z,4,4,TypeScript,True,True,
545,prisma,prisma/deployment-example-azure-functions,2023-06-09T14:58:34Z,0,0,TypeScript,True,True,
546,prisma,prisma/database-schema-examples,2019-02-04T14:04:22Z,211,211,TSQL,False,False,
547,prisma,prisma/deployment-example-netlify,2020-03-20T18:03:27Z,16,16,JavaScript,False,False,
548,prisma,prisma/connection-string,2020-09-10T09:29:34Z,12,12,Rust,False,False,apache-2.0
549,prisma,prisma/action-node-cache-dependencies,2022-03-28T18:52:15Z,1,1,,True,True,
550,prisma,prisma/demo-upgrade-prisma-4,2022-07-07T09:44:05Z,0,0,,True,True,
551,prisma,prisma/db-push-non-idempotent-schemas,2021-12-15T10:53:39Z,2,2,Nix,True,True,
552,prisma,prisma/binding-argument-transform,2020-05-19T08:54:18Z,5,5,TypeScript,False,False,mit
553,prisma,prisma/barrel,2020-08-31T16:54:16Z,1,1,,True,True,mit
554,prisma,prisma/benching_setup,2018-07-11T09:58:59Z,2,2,TypeScript,True,True,
555,prisma,prisma/auto,2021-04-26T07:57:46Z,1,1,,True,True,
556,prisma,prisma/ci-info,2020-01-21T15:17:17Z,1,1,JavaScript,False,False,mit
557,prisma,prisma/build-cli,2019-04-10T08:46:27Z,0,0,Ruby,False,False,
558,armancodv,armancodv/frontend-interview,2024-03-23T17:15:35Z,14,14,TypeScript,True,True,
559,armancodv,armancodv/chidman,2015-09-11T12:02:08Z,9,9,HTML,True,True,gpl-2.0
560,armancodv,armancodv/arman-co-com,2020-11-09T20:31:15Z,17,17,TypeScript,True,True,
561,armancodv,armancodv/armancodv,2021-10-24T12:47:58Z,11,11,,True,True,
562,armancodv,armancodv/differential,2019-10-12T19:51:49Z,10,10,JavaScript,True,True,gpl-2.0
563,armancodv,armancodv/integral,2019-10-12T22:35:54Z,28,28,Java,True,True,gpl-2.0
564,armancodv,armancodv/building-energy-model-matlab,2019-09-02T09:55:02Z,49,49,MATLAB,True,True,gpl-2.0
565,armancodv,armancodv/chakra-ui,2021-12-20T16:56:41Z,3,3,,True,False,mit
566,armancodv,armancodv/integral_persian,2019-10-13T17:14:46Z,8,8,JavaScript,True,True,gpl-2.0
567,armancodv,armancodv/CircleProgressBar,2021-04-11T07:25:31Z,6,6,,True,True,
568,armancodv,armancodv/quitnow-email-suggester,2021-04-10T14:56:40Z,7,7,,True,True,mit
569,armancodv,armancodv/MPAndroidChart,2021-04-10T08:00:34Z,6,6,,True,True,other
570,armancodv,armancodv/iOS-SwitchView,2021-04-10T06:55:46Z,5,5,,True,True,apache-2.0
571,armancodv,armancodv/overscroll-decor,2021-01-04T16:54:00Z,6,6,,True,False,bsd-2-clause
572,armancodv,armancodv/cardslider-android,2020-12-27T12:59:33Z,6,6,Kotlin,True,True,mit
573,armancodv,armancodv/arman-co-com-old,2020-08-25T19:20:58Z,8,8,TypeScript,True,True,
574,armancodv,armancodv/photovoltaic-thermal-thermoelectric-unit,2020-05-10T14:18:19Z,8,8,Fortran,True,True,gpl-2.0
575,armancodv,armancodv/photovoltaic-thermal-unit,2019-09-30T13:03:28Z,8,8,Fortran,True,True,gpl-2.0
576,armancodv,armancodv/formula,2020-02-06T20:57:57Z,8,8,Java,True,True,gpl-2.0
577,armancodv,armancodv/android-cardslide-vertical,2020-02-13T15:29:40Z,8,8,,True,True,
578,armancodv,armancodv/android-kotlin-mvp-architecture,2020-01-18T19:48:06Z,6,6,,True,True,apache-2.0
579,armancodv,armancodv/BootstrapRenderer,2019-10-05T19:20:40Z,6,6,PHP,True,True,mit
580,armancodv,armancodv/offgard-app,2019-09-18T14:52:25Z,6,6,JavaScript,True,True,gpl-2.0
581,armancodv,armancodv/offgard-api,2019-09-18T14:06:05Z,6,6,PHP,True,True,gpl-2.0
582,armancodv,armancodv/kotlin-mvp-dagger2,2020-01-19T18:58:41Z,4,4,,True,True,gpl-3.0
583,armancodv,armancodv/KotlinCleanCode4Android,2020-01-18T19:08:18Z,4,4,,True,True,mit
584,armancodv,armancodv/offgard,2017-04-08T09:07:51Z,6,6,JavaScript,True,True,
585,armancodv,armancodv/bazyad_dictionary,2017-02-10T09:09:57Z,6,6,HTML,True,True,
586,armancodv,armancodv/lokabina,2016-12-17T14:52:09Z,6,6,JavaScript,True,True,
587,armancodv,armancodv/hendeseh,2015-10-09T08:55:20Z,6,6,JavaScript,True,True,
588,peterbourgon,peterbourgon/eventsource,2024-05-01T15:54:25Z,1,1,Go,False,False,mit
589,peterbourgon,peterbourgon/ff,2017-08-31T12:59:55Z,1375,1375,Go,True,False,apache-2.0
590,peterbourgon,peterbourgon/cache,2024-05-10T04:01:48Z,0,0,,True,False,mit
591,peterbourgon,peterbourgon/conntrack,2023-11-19T21:20:29Z,32,32,Go,False,False,apache-2.0
592,peterbourgon,peterbourgon/dotfiles,2017-09-18T17:28:43Z,15,15,Shell,True,True,
593,peterbourgon,peterbourgon/diskv,2012-03-21T16:44:32Z,1403,1403,Go,True,True,mit
594,peterbourgon,peterbourgon/dummyrelease,2021-09-27T17:55:56Z,1,1,Go,True,True,apache-2.0
595,peterbourgon,peterbourgon/infrastructure,2015-08-04T15:45:15Z,26,26,Shell,True,True,
596,peterbourgon,peterbourgon/grender,2012-05-29T06:50:35Z,59,59,Go,True,True,bsd-2-clause
597,peterbourgon,peterbourgon/ctxdata,2019-08-19T23:34:06Z,75,75,Go,True,True,apache-2.0
598,peterbourgon,peterbourgon/grid,2020-05-01T21:57:14Z,2,2,Go,True,True,apache-2.0
599,peterbourgon,peterbourgon/http-proxy,2018-04-05T23:33:02Z,11,11,Go,True,True,apache-2.0
600,peterbourgon,peterbourgon/btree,2020-03-13T09:14:11Z,0,0,Go,True,False,apache-2.0
601,peterbourgon,peterbourgon/easypki,2019-12-25T22:15:10Z,1,1,Go,True,False,apache-2.0
602,peterbourgon,peterbourgon/govim,2019-08-28T03:25:07Z,0,0,Go,True,True,bsd-3-clause
603,peterbourgon,peterbourgon/howistart.org,2020-12-25T19:53:59Z,0,0,,True,True,
604,peterbourgon,peterbourgon/ctxlog,2018-10-01T21:40:51Z,15,15,Go,True,True,apache-2.0
605,peterbourgon,peterbourgon/gattaca,2018-11-11T22:03:31Z,39,39,Go,True,False,apache-2.0
606,peterbourgon,peterbourgon/how-i-start-go,2014-09-01T17:46:28Z,143,143,Go,True,True,
607,peterbourgon,peterbourgon/go-training,2016-02-15T00:08:38Z,38,38,Go,True,True,mit
608,peterbourgon,peterbourgon/breakfast-solutions,2018-05-08T20:49:26Z,19,19,Go,True,True,apache-2.0
609,peterbourgon,peterbourgon/caspaxos,2018-03-02T01:47:20Z,294,294,Go,True,True,apache-2.0
610,peterbourgon,peterbourgon/go-microservices,2016-06-16T11:54:36Z,360,360,Go,True,True,apache-2.0
611,peterbourgon,peterbourgon/g2s,2012-07-07T13:22:46Z,149,149,Go,True,True,bsd-2-clause
612,peterbourgon,peterbourgon/g2g,2012-06-26T07:55:53Z,72,72,Go,True,True,
613,peterbourgon,peterbourgon/indisk,2011-12-19T11:09:11Z,0,0,C++,True,True,
614,peterbourgon,peterbourgon/hose-poet,2013-02-08T22:26:08Z,4,4,C,True,True,
615,peterbourgon,peterbourgon/elasticsearch,2012-11-05T22:02:15Z,30,30,Go,True,True,bsd-2-clause
616,peterbourgon,peterbourgon/goop,2012-01-27T09:44:22Z,57,57,Go,True,True,
617,peterbourgon,peterbourgon/crc32,2012-08-08T08:34:31Z,2,2,Go,True,True,
618,vanhauser-thc,vanhauser-thc/gepetto,2024-04-30T16:31:14Z,7,7,Python,True,True,gpl-3.0
619,vanhauser-thc,vanhauser-thc/clusterfuzz,2021-11-10T10:36:19Z,0,0,Python,True,False,apache-2.0
620,vanhauser-thc,vanhauser-thc/honggfuzz-rs,2023-09-17T11:57:41Z,0,0,Rust,True,True,apache-2.0
621,vanhauser-thc,vanhauser-thc/afl.rs,2023-10-27T07:35:20Z,2,2,Rust,True,False,apache-2.0
622,vanhauser-thc,vanhauser-thc/nautilus,2024-07-02T07:04:52Z,2,2,Python,True,True,mit
623,vanhauser-thc,vanhauser-thc/afl-cov,2019-06-22T22:14:00Z,66,66,Python,True,True,gpl-2.0
624,vanhauser-thc,vanhauser-thc/fuzzbench,2024-05-19T08:08:08Z,1,1,Python,True,False,apache-2.0
625,vanhauser-thc,vanhauser-thc/go,2024-05-01T10:01:09Z,1,1,,True,True,bsd-3-clause
626,vanhauser-thc,vanhauser-thc/ghidra_installer,2024-04-02T12:59:39Z,1,1,Shell,True,True,mit
627,vanhauser-thc,vanhauser-thc/audit_scripts,2017-06-23T10:32:44Z,72,72,Shell,True,True,agpl-3.0
628,vanhauser-thc,vanhauser-thc/libfuzzer-cov,2020-04-23T14:41:11Z,28,28,Shell,True,True,agpl-3.0
629,vanhauser-thc,vanhauser-thc/CVE-2021-4034,2022-03-30T14:59:06Z,1,1,C,True,False,
630,vanhauser-thc,vanhauser-thc/binary_blobs,2020-09-10T15:58:42Z,0,0,Shell,True,True,
631,vanhauser-thc,vanhauser-thc/drcov-merge,2021-06-14T18:49:39Z,5,5,C,True,True,agpl-3.0
632,vanhauser-thc,vanhauser-thc/afl-dyninst,2018-02-24T10:37:22Z,74,74,C++,True,True,apache-2.0
633,vanhauser-thc,vanhauser-thc/CVE-2021-26855,2021-03-11T21:04:08Z,7,7,,True,True,
634,vanhauser-thc,vanhauser-thc/afl-dynamorio,2018-08-11T07:59:21Z,35,35,C++,True,True,agpl-3.0
635,vanhauser-thc,vanhauser-thc/dev-binder-tool,2020-07-14T14:40:06Z,7,7,C,True,True,
636,vanhauser-thc,vanhauser-thc/fuzzing-targets,2020-02-19T13:36:05Z,8,8,,True,True,
637,vanhauser-thc,vanhauser-thc/dynTaintTracer,2020-03-30T09:40:22Z,40,40,C,True,True,agpl-3.0
638,vanhauser-thc,vanhauser-thc/afl-pin,2018-03-23T23:55:59Z,65,65,C++,True,True,agpl-3.0
639,vanhauser-thc,vanhauser-thc/network-emulator,2020-02-18T07:57:35Z,0,0,,True,True,mit
640,vanhauser-thc,vanhauser-thc/afl-patches,2018-04-07T09:57:13Z,81,81,,True,True,other
641,vanhauser-thc,vanhauser-thc/checksec.sh,2018-04-19T07:00:09Z,7,7,Shell,True,True,other
642,vanhauser-thc,vanhauser-thc/afl-simulate,2018-03-20T01:52:12Z,16,16,C,True,True,agpl-3.0
643,vanhauser-thc,vanhauser-thc/gdbinit,2018-04-18T14:38:15Z,1,1,,True,True,
644,vanhauser-thc,vanhauser-thc/drcfg,2018-02-25T11:03:32Z,4,4,C++,True,True,mit
645,vanhauser-thc,vanhauser-thc/drtaint,2018-04-10T10:30:37Z,1,1,C++,True,True,bsd-3-clause
646,vanhauser-thc,vanhauser-thc/AutoNmap,2018-03-12T10:15:37Z,17,17,Shell,True,True,
647,vanhauser-thc,vanhauser-thc/eqgrp-free-file,2016-08-16T18:15:23Z,3,3,Python,True,True,
648,KittyGiraudel,KittyGiraudel/a11y-dialog,2016-02-11T11:01:11Z,2418,2418,TypeScript,False,False,mit
649,KittyGiraudel,KittyGiraudel/react-a11y-footnotes,2020-11-22T09:57:25Z,35,35,JavaScript,False,False,mit
650,KittyGiraudel,KittyGiraudel/react-a11y-disclosure,2021-02-17T10:26:38Z,35,35,JavaScript,False,False,mit
651,KittyGiraudel,KittyGiraudel/react-a11y-dialog,2016-10-12T11:39:13Z,173,173,TypeScript,False,False,mit
652,KittyGiraudel,KittyGiraudel/dhand,2022-09-14T13:33:42Z,19,19,JavaScript,True,True,
653,KittyGiraudel,KittyGiraudel/advent-of-code,2020-12-01T11:43:15Z,6,6,TypeScript,False,False,
654,KittyGiraudel,KittyGiraudel/focusable-selectors,2021-02-14T12:45:48Z,77,77,JavaScript,True,True,mit
655,KittyGiraudel,KittyGiraudel/ama,2015-07-17T18:11:51Z,43,43,,True,True,
656,KittyGiraudel,KittyGiraudel/eleventy-plugin-footnotes,2020-11-30T20:40:03Z,32,32,JavaScript,True,True,mit
657,KittyGiraudel,KittyGiraudel/circularray,2022-01-31T18:47:07Z,13,13,JavaScript,False,False,mit
658,KittyGiraudel,KittyGiraudel/knip,2024-05-28T13:26:50Z,2,2,,True,False,isc
659,KittyGiraudel,KittyGiraudel/biome-2279,2024-04-03T11:03:40Z,0,0,,True,True,
660,KittyGiraudel,KittyGiraudel/sanity-micro-client,2022-05-04T14:13:06Z,6,6,JavaScript,True,True,mit
661,KittyGiraudel,KittyGiraudel/github-release-search,2017-09-21T12:59:36Z,28,28,JavaScript,True,True,
662,KittyGiraudel,KittyGiraudel/cypress-5570,2019-11-04T13:13:27Z,2,2,JavaScript,True,True,
663,KittyGiraudel,KittyGiraudel/dotfiles,2015-05-19T21:05:36Z,40,40,Shell,True,True,
664,KittyGiraudel,KittyGiraudel/map-dater,2016-06-05T22:42:27Z,13,13,JavaScript,True,True,
665,KittyGiraudel,KittyGiraudel/react-menu-button,2017-04-30T11:56:53Z,49,49,JavaScript,True,True,
666,KittyGiraudel,KittyGiraudel/dependency-checker,2017-10-13T12:49:20Z,6,6,JavaScript,False,False,mit
667,KittyGiraudel,KittyGiraudel/jekyll-boilerplate,2016-05-30T18:57:19Z,145,145,HTML,True,True,mit
668,KittyGiraudel,KittyGiraudel/ImagePreloader,2015-06-29T08:03:02Z,61,61,JavaScript,True,True,
669,KittyGiraudel,KittyGiraudel/inline-styler,2016-04-18T13:50:22Z,22,22,JavaScript,True,True,
670,KittyGiraudel,KittyGiraudel/CRUD.js,2013-12-31T08:28:29Z,140,140,JavaScript,True,True,unlicense
671,KittyGiraudel,KittyGiraudel/Countdown.js,2013-11-25T21:25:35Z,103,103,JavaScript,True,True,mit
672,KittyGiraudel,KittyGiraudel/node-legofy,2015-11-05T23:44:44Z,25,25,JavaScript,True,True,
673,KittyGiraudel,KittyGiraudel/awesome-sass,2014-08-02T07:43:26Z,752,752,,True,True,
674,KittyGiraudel,KittyGiraudel/hangman.js,2016-06-24T09:15:51Z,11,11,JavaScript,True,True,
675,KittyGiraudel,KittyGiraudel/jekyll-styleguide,2016-07-10T12:48:11Z,32,32,HTML,True,True,
676,KittyGiraudel,KittyGiraudel/css3-pratique,2014-09-11T16:56:12Z,4,4,,True,True,
677,KittyGiraudel,KittyGiraudel/PHP-hangman-game,2013-06-17T11:34:41Z,3,3,PHP,True,True,
678,dashersw,dashersw/cote,2013-04-28T13:35:48Z,2345,2345,JavaScript,True,True,mit
679,dashersw,dashersw/colors,2024-05-24T09:37:46Z,10,10,HTML,True,True,mit
680,dashersw,dashersw/BangleApps,2023-01-11T00:51:07Z,0,0,,True,True,mit
681,dashersw,dashersw/cote-workshop,2015-03-25T13:29:46Z,253,253,JavaScript,True,True,mit
682,dashersw,dashersw/biri,2020-05-27T23:21:44Z,144,144,JavaScript,True,True,gpl-3.0
683,dashersw,dashersw/brain-bits,2017-09-09T08:54:04Z,173,173,JavaScript,True,True,mit
684,dashersw,dashersw/brain-monitor,2018-02-04T16:16:07Z,140,140,JavaScript,True,True,mit
685,dashersw,dashersw/audio-buffer-utils,2018-05-25T21:09:02Z,1,1,JavaScript,True,True,mit
686,dashersw,dashersw/axios,2017-10-22T20:50:33Z,1,1,JavaScript,True,True,mit
687,dashersw,dashersw/cote-examples-currency-conversion,2017-05-14T21:08:19Z,5,5,JavaScript,True,True,mit
688,dashersw,dashersw/axon,2014-03-25T18:58:21Z,5,5,JavaScript,True,True,mit
689,dashersw,dashersw/busy-city,2017-05-23T17:39:31Z,1,1,C#,True,True,apache-2.0
690,dashersw,dashersw/angular-seed,2017-03-29T20:20:00Z,2,2,,True,True,mit
691,dashersw,dashersw/BUMO,2017-03-16T20:00:40Z,1,1,JavaScript,True,True,
692,dashersw,dashersw/closure-test,2016-02-16T04:57:44Z,1,1,JavaScript,True,True,
693,dashersw,dashersw/cordova-plugin-keyboard,2016-10-14T14:37:11Z,1,1,Objective-C,True,False,
694,dashersw,dashersw/berlin-nodejs-meetup-cote,2016-06-21T15:58:06Z,2,2,JavaScript,True,True,apache-2.0
695,dashersw,dashersw/aktivite-akis-ornegi,2014-02-06T19:02:18Z,11,11,JavaScript,True,True,apache-2.0
696,dashersw,dashersw/closure-compiler-npm,2016-02-10T16:02:20Z,1,1,JavaScript,True,False,
697,dashersw,dashersw/amphtml,2016-02-08T14:01:18Z,1,1,JavaScript,True,False,apache-2.0
698,dashersw,dashersw/ama,2015-12-17T17:46:25Z,1,1,,True,False,
699,dashersw,dashersw/amas,2015-12-17T17:50:28Z,1,1,,True,False,
700,dashersw,dashersw/Clusterize.js,2015-05-24T02:38:39Z,1,1,JavaScript,True,True,mit
701,dashersw,dashersw/arguman.org,2014-10-23T21:44:07Z,1,1,,True,True,mit
702,dashersw,dashersw/aws-s3-bucket-listing,2014-09-30T09:14:37Z,1,1,,True,False,gpl-2.0
703,dashersw,dashersw/baking-soda-paste,2013-12-22T15:02:50Z,2,2,,True,True,apache-2.0
704,dashersw,dashersw/colors.js,2013-04-28T10:47:04Z,1,1,JavaScript,True,True,other
705,dashersw,dashersw/BoilerPlate,2011-10-20T07:12:55Z,4,4,Shell,True,True,
706,dashersw,dashersw/angular.js,2012-05-28T09:22:49Z,2,2,JavaScript,True,True,mit
707,dashersw,dashersw/dashMVC,2011-04-08T22:22:48Z,5,5,JavaScript,True,True,
708,codepo8,codepo8/a11y-demos,2021-03-15T12:58:04Z,3,3,HTML,True,True,
709,codepo8,codepo8/a11y-demos-deutsch,2023-08-03T14:50:02Z,0,0,HTML,True,True,
710,codepo8,codepo8/barrierefreiheit1985,2022-12-15T23:52:17Z,0,0,,True,True,
711,codepo8,codepo8/bookmarklet-template,2022-05-13T10:14:34Z,6,6,CSS,True,True,
712,codepo8,codepo8/3drollovers.css,2011-12-11T22:26:50Z,96,96,CSS,True,True,
713,codepo8,codepo8/alt-text-display-extension,2020-08-28T09:49:43Z,3,3,HTML,True,True,
714,codepo8,codepo8/Alt-Text-Rollover-Bookmarklet,2020-08-26T20:24:24Z,0,0,JavaScript,True,True,
715,codepo8,codepo8/Boop,2020-07-01T17:41:07Z,0,0,Swift,True,True,mit
716,codepo8,codepo8/1loc,2020-04-30T16:00:29Z,0,0,TypeScript,True,True,
717,codepo8,codepo8/1x.engineer,2019-07-16T06:49:28Z,0,0,,True,False,mit
718,codepo8,codepo8/10kb-CSS-colour-game,2016-07-01T20:11:11Z,2,2,JavaScript,True,True,
719,codepo8,codepo8/BingTTSClientJSLib,2016-11-04T17:57:09Z,0,0,TypeScript,True,True,mit
720,codepo8,codepo8/10k-CSS-names-php,2016-07-29T00:37:31Z,1,1,PHP,True,True,
721,codepo8,codepo8/a-zjs,2016-08-12T14:04:27Z,0,0,,True,True,
722,codepo8,codepo8/atom,2016-07-26T00:14:41Z,1,1,CoffeeScript,True,False,mit
723,codepo8,codepo8/browser-can-do-that,2014-10-23T08:44:08Z,1,1,,True,True,
724,codepo8,codepo8/airmo-corsica-slide,2014-05-19T23:11:06Z,0,0,JavaScript,True,True,
725,codepo8,codepo8/barebones-sass,2014-04-09T05:05:57Z,1,1,CSS,True,True,mit
726,codepo8,codepo8/3D-css-tester,2011-12-08T15:04:40Z,13,13,JavaScript,True,True,
727,codepo8,codepo8/appday-slides,2013-01-23T20:41:23Z,2,2,,True,True,
728,codepo8,codepo8/anodejsholidayseason,2012-12-19T13:04:07Z,0,0,,True,False,
729,codepo8,codepo8/asknot,2012-06-25T18:45:13Z,1,1,JavaScript,True,True,
730,codepo8,codepo8/123done,2012-03-12T16:24:02Z,2,2,JavaScript,True,True,
731,codepo8,codepo8/BrowserID-login-with-PHP,2011-11-16T15:52:05Z,13,13,PHP,True,True,
732,codepo8,codepo8/3D-photo-rollover,2011-11-14T14:08:44Z,9,9,,True,True,
733,codepo8,codepo8/browserfountain,2011-08-24T16:04:59Z,12,12,JavaScript,True,True,
734,codepo8,codepo8/bingfight,2011-06-14T14:05:44Z,3,3,,True,True,
735,codepo8,codepo8/backscrub,2011-06-13T17:14:02Z,1,1,,True,True,
736,codepo8,codepo8/24-ways-2009,2009-11-25T23:40:46Z,12,12,PHP,True,True,
737,codepo8,codepo8/-pre-fix-the-web,2011-12-19T18:47:14Z,1,1,,True,True,
738,nlohmann,nlohmann/json,2013-07-04T08:47:49Z,43000,43000,C++,True,False,mit
739,nlohmann,nlohmann/Regenschirm,2024-10-02T13:10:11Z,1,1,,True,True,
740,nlohmann,nlohmann/mutate_cpp,2017-11-25T12:13:42Z,170,170,CSS,True,True,mit
741,nlohmann,nlohmann/cmake_min_version,2020-03-14T21:46:07Z,135,135,Python,False,False,mit
742,nlohmann,nlohmann/json-ci,2021-01-24T12:27:49Z,9,9,Dockerfile,False,False,mit
743,nlohmann,nlohmann/json_release_scripts,2021-08-24T19:24:50Z,4,4,Python,True,True,
744,nlohmann,nlohmann/fifo_map,2015-08-15T16:12:43Z,183,183,C++,True,True,mit
745,nlohmann,nlohmann/crow,2018-07-27T22:37:23Z,133,133,C++,False,False,mit
746,nlohmann,nlohmann/labeler,2022-08-14T11:16:24Z,1,1,,True,False,mit
747,nlohmann,nlohmann/homebrew-core,2022-08-01T11:27:22Z,0,0,,True,False,bsd-2-clause
748,nlohmann,nlohmann/gcc_flags,2020-07-17T13:09:16Z,7,7,Python,False,False,mit
749,nlohmann,nlohmann/oss-fuzz,2022-05-04T18:56:54Z,0,0,,True,False,apache-2.0
750,nlohmann,nlohmann/json_test_data,2020-05-01T11:21:33Z,13,13,,True,True,
751,nlohmann,nlohmann/doxygen_flask,2017-09-05T20:31:25Z,0,0,Python,True,True,mit
752,nlohmann,nlohmann/homebrew-json,2016-05-18T17:55:29Z,5,5,Ruby,True,False,other
753,nlohmann,nlohmann/fuzzcover,2019-11-24T20:58:03Z,26,26,C++,True,True,mit
754,nlohmann,nlohmann/bahn_auftragsnummer,2017-04-18T22:14:52Z,3,3,Python,True,True,mit
755,nlohmann,nlohmann/bvg-verkehrsmeldungen,2014-10-11T23:43:40Z,2,2,Python,True,True,
756,nlohmann,nlohmann/blog,2014-02-24T23:01:59Z,1,1,C,True,True,
757,nlohmann,nlohmann/exception_reporter,2019-08-04T15:44:49Z,22,22,Python,True,True,mit
758,nlohmann,nlohmann/jar_manifest,2016-08-06T13:51:01Z,4,4,Python,True,True,mit
759,nlohmann,nlohmann/mutate_cpp_old,2017-01-29T17:02:40Z,2,2,Python,True,False,mit
760,nlohmann,nlohmann/plexible,2014-03-01T09:39:09Z,8,8,Python,True,True,
761,nlohmann,nlohmann/bpel2owfn,2015-05-15T08:57:56Z,4,4,C++,True,True,agpl-3.0
762,nlohmann,nlohmann/diarybot,2013-09-04T19:02:09Z,6,6,Python,True,True,
763,nlohmann,nlohmann/kickstart,2013-11-21T08:21:53Z,0,0,Shell,True,True,
764,nlohmann,nlohmann/nitpicker,2014-01-02T13:17:46Z,1,1,,True,False,
765,nlohmann,nlohmann/phd,2012-02-16T23:32:58Z,3,3,TeX,True,False,
766,nlohmann,nlohmann/cgv_uebung,2013-09-20T13:14:31Z,0,0,Python,True,True,
767,nlohmann,nlohmann/lqfb_viewer,2013-04-04T09:17:30Z,4,4,Python,True,False,other
768,floooh,floooh/bookmarks,2020-05-11T13:28:59Z,152,152,,True,True,
769,floooh,floooh/chipz,2024-05-16T15:47:37Z,45,45,Zig,True,True,mit
770,floooh,floooh/cimgui-sokol-starterkit,2020-10-30T16:43:58Z,227,227,C++,False,False,mit
771,floooh,floooh/chips-test,2017-11-17T12:50:40Z,387,387,C,True,True,mit
772,floooh,floooh/chips,2017-11-15T14:34:12Z,993,993,C,True,True,zlib
773,floooh,floooh/emscripten,2018-04-05T13:40:20Z,1,1,C++,True,True,other
774,floooh,floooh/doom-sokol,2021-08-28T09:47:13Z,51,51,C,True,False,gpl-2.0
775,floooh,floooh/demo-pd-cranktheworld,2024-05-23T16:16:43Z,1,1,C,True,False,unlicense
776,floooh,floooh/donotuse-sokol-d,2024-05-11T13:02:57Z,1,1,C,True,False,zlib
777,floooh,floooh/easmx,2023-11-09T18:20:49Z,8,8,C,True,True,
778,floooh,floooh/emu-info,2018-08-15T10:53:31Z,120,120,Assembly,True,True,
779,floooh,floooh/fibs-hello-world,2023-03-06T13:28:18Z,5,5,TypeScript,True,True,mit
780,floooh,floooh/fibs,2023-02-22T17:08:03Z,7,7,TypeScript,True,True,mit
781,floooh,floooh/emsc-calloc-emmalloc-repro,2022-09-06T17:07:13Z,0,0,C,True,True,
782,floooh,floooh/altai,2016-10-21T21:37:59Z,55,55,TypeScript,True,True,mit
783,floooh,floooh/awesome-zig,2021-09-13T20:01:37Z,2,2,,True,False,
784,floooh,floooh/emsc-interop-demo,2021-04-14T11:21:46Z,5,5,HTML,True,True,
785,floooh,floooh/cmake318_vstudio_c_cpp_repro,2020-07-23T09:45:21Z,0,0,CMake,True,True,
786,floooh,floooh/dummy,2019-08-26T09:42:03Z,0,0,,True,True,
787,floooh,floooh/docker-c64,2018-09-12T15:02:16Z,34,34,C,True,True,mit
788,floooh,floooh/docker-kc85,2018-09-10T08:34:37Z,4,4,C,True,True,mit
789,floooh,floooh/awesome-cpus,2018-09-08T10:20:55Z,13,13,HTML,True,True,cc0-1.0
790,floooh,floooh/awesome-wasm,2017-05-09T16:45:42Z,5,5,,True,True,mit
791,floooh,floooh/build-suite,2016-04-05T17:05:33Z,0,0,JavaScript,True,False,
792,floooh,floooh/chef-cmake,2014-01-17T14:41:56Z,2,2,Ruby,True,True,mit
793,floooh,floooh/chef-ninja,2014-01-17T17:53:28Z,0,0,Ruby,True,True,mit
794,floooh,floooh/fbxc,2015-03-10T11:28:03Z,65,65,C++,True,True,mit
795,floooh,floooh/drahtgitter,2013-12-05T21:12:17Z,9,9,Python,True,True,mit
796,floooh,floooh/chef-nacl,2014-01-21T17:52:15Z,1,1,Ruby,True,True,mit
797,floooh,floooh/chef-emscripten,2014-01-20T16:34:07Z,3,3,Ruby,True,True,mit
798,cure53,cure53/DOMPurify,2014-02-17T21:48:14Z,13916,13916,JavaScript,True,True,other
799,cure53,cure53/HTTPLeaks,2015-04-17T14:48:15Z,1979,1979,HTML,True,True,bsd-2-clause
800,cure53,cure53/Publications,2014-04-05T10:04:52Z,70,70,,True,True,
801,cure53,cure53/Contracts,2022-03-22T12:54:47Z,378,378,,True,True,
802,cure53,cure53/crev-proofs,2022-02-01T13:26:43Z,2,2,,True,False,
803,cure53,cure53/H5SC,2014-03-28T08:42:32Z,2853,2853,JavaScript,True,True,mpl-2.0
804,cure53,cure53/MOSS-Directory,2021-06-07T16:08:43Z,1,1,,True,True,mit
805,cure53,cure53/XSSChallengeWiki,2014-09-02T10:56:31Z,1575,1575,,True,True,
806,cure53,cure53/DefinitelyTyped,2019-09-11T13:42:12Z,4,4,,True,True,other
807,cure53,cure53/public-pentesting-reports,2016-08-17T12:52:28Z,46,46,C,True,True,
808,cure53,cure53/marked,2018-02-03T09:57:15Z,5,5,HTML,True,True,mit
809,cure53,cure53/browser-sec-whitepaper,2017-09-19T15:37:51Z,286,286,,True,True,
810,cure53,cure53/roundcubemail,2017-11-20T14:51:40Z,2,2,PHP,True,True,gpl-3.0
811,cure53,cure53/jsdelivr,2017-03-10T08:59:31Z,4,4,,True,True,mit
812,cure53,cure53/jPurify,2014-10-07T08:07:15Z,65,65,JavaScript,True,True,mpl-2.0
813,cure53,cure53/AppSecEurope2017,2017-01-09T23:02:50Z,1,1,,True,True,
814,cure53,cure53/hashes,2015-05-06T19:31:26Z,4,4,,True,True,
815,cure53,cure53/Flashbang,2014-02-23T18:22:38Z,208,208,ActionScript,True,True,mpl-2.0
816,cure53,cure53/PastePurify,2015-03-23T15:40:30Z,19,19,JavaScript,True,True,
817,cure53,cure53/mustache-security,2015-03-16T10:36:37Z,23,23,,True,False,
818,nisrulz,nisrulz/android-spacex-app,2023-10-21T23:12:05Z,14,14,Kotlin,False,False,apache-2.0
819,nisrulz,nisrulz/device-type-ktx,2024-03-16T01:09:40Z,2,2,Kotlin,False,False,apache-2.0
820,nisrulz,nisrulz/Compose-BeforeAfter,2024-06-18T15:01:41Z,0,0,Kotlin,True,True,apache-2.0
821,nisrulz,nisrulz/homebrew-tabby,2024-10-03T21:13:44Z,0,0,,True,True,
822,nisrulz,nisrulz/android-sample,2024-09-22T21:17:34Z,0,0,,True,True,apache-2.0
823,nisrulz,nisrulz/AndroidAutomations,2020-05-03T21:51:50Z,9,9,Kotlin,True,True,other
824,nisrulz,nisrulz/app-privacy-policy-generator,2017-02-21T17:38:38Z,3923,3923,Sass,True,True,agpl-3.0
825,nisrulz,nisrulz/easydeviceinfo,2016-05-05T09:48:09Z,1765,1765,Java,True,True,apache-2.0
826,nisrulz,nisrulz/flutter-examples,2017-08-11T08:11:07Z,6963,6963,Dart,False,True,apache-2.0
827,nisrulz,nisrulz/blessed-android-coroutines,2021-11-07T20:51:18Z,2,2,Kotlin,True,True,mit
828,nisrulz,nisrulz/.github,2020-08-10T07:30:42Z,1,1,,True,True,
829,nisrulz,nisrulz/AppAuth-Android,2024-02-26T09:52:02Z,0,0,Java,True,False,apache-2.0
830,nisrulz,nisrulz/cross-compilation-adventures,2021-12-17T23:40:39Z,0,0,C,False,False,apache-2.0
831,nisrulz,nisrulz/android-examples,2016-02-25T11:06:48Z,1747,1747,Java,False,True,apache-2.0
832,nisrulz,nisrulz/android-tips-tricks,2016-08-25T20:27:33Z,4726,4726,Java,True,True,apache-2.0
833,nisrulz,nisrulz/hugo-theme-zzo,2023-04-26T12:16:18Z,0,0,,True,True,mit
834,nisrulz,nisrulz/gt81,2022-08-27T10:27:13Z,0,0,,True,False,other
835,nisrulz,nisrulz/gradle-playground,2018-05-28T00:03:19Z,4,4,Kotlin,True,True,
836,nisrulz,nisrulz/android-dev-wrapped-generator,2021-12-02T18:25:52Z,2,2,HTML,False,False,agpl-3.0
837,nisrulz,nisrulz/angular-seed,2015-01-08T11:57:06Z,4,4,CSS,False,False,apache-2.0
838,nisrulz,nisrulz/convert-md-to-pdf,2021-04-11T23:06:35Z,9,9,JavaScript,True,True,apache-2.0
839,nisrulz,nisrulz/android-bootstrap,2022-02-01T02:38:18Z,4,4,,True,False,other
840,nisrulz,nisrulz/android-lib-init-examples,2020-11-16T00:12:08Z,8,8,Kotlin,False,False,apache-2.0
841,nisrulz,nisrulz/CoroutineRecipes,2019-11-14T20:22:56Z,4,4,Kotlin,True,True,apache-2.0
842,nisrulz,nisrulz/gradle-mvn-push,2021-05-14T23:08:21Z,1,1,,True,True,apache-2.0
843,nisrulz,nisrulz/FirebaseExample,2016-09-29T12:23:18Z,62,62,Java,True,True,
844,nisrulz,nisrulz/EvTrack,2015-11-12T19:45:07Z,13,13,Java,True,True,apache-2.0
845,nisrulz,nisrulz/android-utils,2016-03-28T13:40:14Z,144,144,Java,True,True,apache-2.0
846,nisrulz,nisrulz/bygone-projects,2017-04-08T20:24:27Z,2,2,C++,True,True,
847,nisrulz,nisrulz/gcm-nodejs-server,2016-02-27T22:02:04Z,1,1,JavaScript,True,True,apache-2.0
